Plot_ID,Species,Stems / ha,Mean DBH,BA / ha,Vol / ha,N_Pulses,N_Returns,First_Return,Multi_Return,LPI,CDensity,FCI,LCI,GapFrac,VCC,hMean,qhMean,h25,h50,h60,h70,h75,h80,h90,h95,h99,hmax,IQR,Skew,Kurtosis,VDR,CanopyRR,L_mean,L_scale,L_skewness,L_kurtosis,L_variation,Closed_Vol,Open_Vol,Oligophotic_Vol,Euphotic_Vol,cvm_filled_vol,cvm_filled_prop,Closed_Prop,Open_Prop,Oligophotic_Prop,Euphotic_Prop,p_mean,p_scale,p_skewness,p_kurtosis,p_variation,chm_rumple,chm_ruggedness,chm_roughness,chm_vf,chm_vl,chm_vd,wv_peaks,wv_auc,wv_mid,wv_min,wv_max,wv_width,wv_prominence,wv_midmin,wv_midmax,wv_minmax,h25f,h50f,h60f,h70f,h75f,h80f,h85f,h90f,h95f,h99f,L_mean_f,L_scale_f,L_skewness_f,L_kurtosis_f,L_variation_f
PL0001,LPN,1675,11,15.69,67,3501,5453,0.642,0.358,0.22,0.557,67.01,35.297,0.443,81.94,3.799,4.026,2.731,3.535,3.925,4.356,4.582,4.881,5.655,6.365,7.673,9.263,1.851,0.931,0.6,0.618,0.495,3.799,0.733,0.19,0.093,0.193,473.125,946.25,849.375,1698.75,2548.125,0.642,0.119,0.239,0.214,0.428,1.751,0.831,0.217,0.107,0.475,1.263,1.758,6.923,1538.547,935.241,603.306,1,3.347,4,11,2.5,8.5,0.11,1.676,830.667,495.667,2.856,3.678,4.07,4.478,4.747,5.027,5.388,5.778,6.558,7.762,3.923,0.751,0.171,0.096,0.192
PL0002,SS,2300,10,18.79,91,6397,10826,0.591,0.409,0.105,0.731,84.06,57.394,0.269,88.54,4.02,4.205,3.011,3.928,4.294,4.7,4.885,5.106,5.71,6.148,7.054,8.169,1.874,0.397,-0.46,0.519,0.57,4.02,0.701,0.079,0.065,0.174,265.625,425,1056.875,1691,2747.875,0.799,0.077,0.124,0.307,0.492,1.789,0.771,0.162,0.092,0.431,1.058,1.838,7.423,1959.581,1143.95,815.631,1,3.619,4,10,2.5,7.5,0.135,2.081,684.556,329,3.321,4.29,4.635,4.954,5.155,5.364,5.63,5.937,6.369,7.187,4.278,0.718,0.027,0.076,0.168
PL0003,LPN/SS,1675,10,15.35,67,3833,5940,0.645,0.355,0.198,0.589,69.84,39.108,0.411,80.9,3.801,4.016,2.791,3.58,3.933,4.328,4.558,4.837,5.465,6.23,7.856,8.942,1.767,0.976,0.956,0.6,0.484,3.801,0.711,0.179,0.107,0.187,416.25,749.25,906.25,1631.25,2537.5,0.686,0.112,0.202,0.245,0.441,1.71,0.784,0.183,0.087,0.459,1.635,2.026,6.018,1593.677,1006.259,587.419,1,3.34,4,10.5,2.5,8,0.118,1.748,289.6,165.7,2.862,3.709,4.069,4.471,4.689,4.967,5.225,5.652,6.385,8.187,3.913,0.73,0.165,0.109,0.187
PL0008,SS,1450,11,16.04,82,2681,4563,0.588,0.412,0.13,0.668,76.02,53.666,0.332,84.24,4.297,4.536,3.096,4.152,4.56,5.086,5.352,5.593,6.302,6.88,7.872,9.25,2.256,0.467,-0.434,0.551,0.546,4.297,0.824,0.099,0.065,0.192,406.5,609.75,1180.5,1770.75,2951.25,0.744,0.102,0.154,0.298,0.446,1.906,0.892,0.179,0.068,0.468,1.433,1.082,5.954,1900.799,1164.375,736.424,1,4.149,4,11,2.5,8.5,0.117,2.061,1040,504.5,3.51,4.488,4.938,5.429,5.646,5.901,6.234,6.587,7.094,8.125,4.602,0.839,0.054,0.075,0.182
PL0009,SS,2025,14,34.2,217,3513,6795,0.517,0.483,0.063,0.902,97.12,82.876,0.098,96.56,6.346,6.685,4.768,6.39,6.943,7.551,7.866,8.208,9.125,9.761,10.955,13.033,3.098,0.076,-0.598,0.51,0.579,6.346,1.202,0.008,0.079,0.189,182.875,199.5,2726.625,2974.5,5701.125,0.937,0.03,0.033,0.448,0.489,2.318,0.994,0.181,0.115,0.429,2.562,2.02,8.358,3614.925,2554.778,1060.147,1,6.035,7,15,2.5,12.5,0.13,4.918,3005,611,5.483,7.055,7.604,8.167,8.474,8.798,9.163,9.548,10.153,11.297,6.963,1.176,-0.034,0.091,0.169
PL0010,SS,400,10,3.35,13,3565,4619,0.772,0.228,0.655,0.216,22.16,19.545,0.784,36.34,3.337,3.479,2.516,3.146,3.387,3.83,4.014,4.195,4.745,5.256,5.941,6.445,1.498,0.727,-0.193,0.512,0.562,3.337,0.551,0.171,0.07,0.165,521,651.25,238,297.5,535.5,0.313,0.305,0.381,0.139,0.174,0.869,0.603,0.447,0.104,0.694,0.683,0.089,1.499,506.738,184.369,322.369,1,2.865,4,8,2.5,5.5,0.099,1.474,132,89.571,2.615,3.226,3.535,3.973,4.16,4.339,4.573,4.887,5.344,5.964,3.435,0.574,0.152,0.059,0.167
PL0012,SS,2825,11,27.78,156,9395,17017,0.552,0.448,0.035,0.926,95.78,88.717,0.074,98.01,5.516,5.751,4.356,5.562,6.046,6.442,6.696,6.968,7.615,8.182,9.033,10.611,2.34,-0.027,-0.574,0.476,0.611,5.516,0.93,-0.014,0.087,0.169,128.25,128.25,2252.25,2252.25,4504.5,0.946,0.027,0.027,0.473,0.473,1.956,0.763,0.124,0.104,0.39,2.768,1.358,8.904,3202.305,2170.398,1031.908,1,4.779,6,12.5,2.5,10,0.162,4.679,4859,1038.5,5.032,6.149,6.492,6.923,7.115,7.332,7.633,7.964,8.417,9.259,6.025,0.882,-0.061,0.122,0.146
PL0013,SS,2050,14,31.06,182,5675,9549,0.594,0.406,0.073,0.875,93.74,78.317,0.125,98.19,6.271,6.567,4.894,6.412,6.924,7.434,7.682,7.994,8.688,9.325,10.453,11.766,2.788,-0.131,-0.565,0.455,0.6,6.271,1.111,-0.039,0.087,0.177,148.5,121.5,2761,2259,5020,0.949,0.028,0.023,0.522,0.427,2.029,0.865,0.198,0.14,0.426,1.613,1.866,7.383,3614.154,2586.426,1027.728,1,5.522,7.5,13.5,2.5,11,0.145,5.395,406.091,75.273,5.362,6.925,7.382,7.834,8.091,8.345,8.632,9.031,9.56,10.544,6.672,1.106,-0.083,0.099,0.166
PL0014,SS,1700,14,28.65,199,3559,7207,0.494,0.506,0.133,0.834,90.14,76.809,0.166,93.23,8.067,8.459,6.267,8.26,8.938,9.6,9.952,10.283,11.279,11.997,13.33,15.206,3.685,-0.2,-0.526,0.457,0.605,8.067,1.451,-0.05,0.09,0.18,416.25,333,3551.25,2841,6392.25,0.895,0.058,0.047,0.497,0.398,2.918,1.35,0.243,0.14,0.463,2.381,4.629,13.534,4366.611,2842.335,1524.276,1,6.902,9.5,17,2.5,14.5,0.129,9.425,2592,275,7.251,9.125,9.701,10.269,10.596,10.96,11.338,11.777,12.461,13.6,8.813,1.401,-0.095,0.112,0.159
PL0015,SS,1975,12,26.06,145,5950,11568,0.514,0.486,0.154,0.761,94.54,56.568,0.239,99.81,5.416,5.881,3.529,4.983,5.808,6.61,7.049,7.581,8.781,9.53,10.982,12.802,3.52,0.553,-0.563,0.611,0.493,5.416,1.296,0.136,0.049,0.239,79.875,115.375,2300.625,3323.125,5623.75,0.966,0.014,0.02,0.395,0.571,2.264,0.952,0.19,0.106,0.421,3.269,1.964,11.539,3214.924,1859.284,1355.641,1,5.753,4.5,14.5,2.5,12,0.086,2.044,884.4,432.6,3.684,5.18,6.066,6.822,7.364,7.907,8.489,9.076,9.884,11.315,5.636,1.329,0.135,0.047,0.236
PL0016,SS/EL,1300,9,10.37,53,9468,17356,0.546,0.454,0.14,0.576,68.18,44.98,0.424,84.2,4.362,4.69,2.966,4.072,4.547,5.095,5.393,5.738,6.663,7.532,9.999,11.805,2.427,1.019,1.181,0.655,0.436,4.362,0.944,0.184,0.097,0.216,476.25,1111.25,1110.75,2591.75,3702.5,0.7,0.09,0.21,0.21,0.49,2.717,1.158,0.177,0.093,0.426,0.896,1.455,10.527,1871.835,758.139,1113.696,1,4.119,4,13.5,2.5,11,0.101,1.789,3419,1911,3.078,4.385,4.907,5.408,5.717,6.041,6.415,7.058,7.839,10.62,4.597,1.016,0.158,0.09,0.221
PL0017,SS,3025,10,27.51,148,5406,8856,0.61,0.39,0.049,0.899,95.97,80.464,0.101,99.05,4.833,5.066,3.652,4.707,5.162,5.624,5.913,6.176,6.89,7.511,8.445,9.891,2.261,0.327,-0.481,0.524,0.572,4.833,0.864,0.066,0.08,0.179,77,99,1774.5,2281.5,4056,0.958,0.018,0.023,0.419,0.539,1.796,0.725,0.152,0.113,0.404,2.098,1.947,7.823,2770.282,1961.949,808.333,1,4.468,5,11.5,2.5,9,0.145,2.977,743,249.571,3.998,5.081,5.493,5.95,6.174,6.475,6.766,7.151,7.739,8.547,5.137,0.859,0.042,0.087,0.167
PL0018,SS,1800,18,54.42,402,3124,6587,0.474,0.526,0.078,0.903,98.59,82.789,0.097,99.46,10.013,10.452,8.004,10.204,10.937,11.756,12.203,12.662,13.804,14.636,16.07,18.262,4.199,-0.265,-0.303,0.441,0.623,10.013,1.699,-0.054,0.106,0.17,579.5,427,4446,3276,7722,0.884,0.066,0.049,0.509,0.375,3.08,1.527,0.309,0.19,0.496,3.878,4.003,15.824,5342.595,3872.392,1470.203,1,7.936,11.5,20,2.5,17.5,0.118,16.593,2240,135,9.169,11.15,11.974,12.662,13.066,13.446,13.888,14.393,15.106,16.701,10.946,1.611,-0.088,0.116,0.147
PL0019,SS,2075,11,20.44,104,5210,8949,0.582,0.418,0.151,0.74,87.81,54.827,0.26,95.14,4.466,4.702,3.29,4.33,4.711,5.145,5.363,5.663,6.482,7.175,8.434,11.533,2.073,0.638,0.188,0.625,0.53,4.466,0.825,0.116,0.097,0.185,162.75,628.75,1424.25,3085.875,4510.125,0.851,0.031,0.119,0.269,0.582,2.021,0.886,0.179,0.086,0.438,1.757,2.713,7.797,2395.328,1344.661,1050.667,1,4.057,4.5,13.5,2.5,11,0.136,2.361,4703,1992,3.563,4.594,4.95,5.369,5.62,5.927,6.287,6.748,7.397,8.615,4.696,0.847,0.091,0.105,0.18
PL0021,SS,2350,13,31.27,170,3913,6867,0.57,0.43,0.058,0.88,95.63,77.861,0.12,96.2,5.255,5.509,3.992,5.245,5.697,6.178,6.442,6.749,7.402,8.009,9.133,10.806,2.45,0.181,-0.477,0.515,0.575,5.255,0.945,0.026,0.081,0.18,179,223.75,1937,2421.25,4358.25,0.916,0.038,0.047,0.407,0.509,1.821,0.807,0.192,0.119,0.443,1.198,2.848,8.354,2931.466,2165.37,766.096,1,4.889,5.5,12.5,2.5,10,0.146,3.697,724.6,196,4.53,5.778,6.202,6.648,6.876,7.091,7.363,7.716,8.237,9.333,5.696,0.928,-0.026,0.1,0.163
PL0022,SS/JL,925,10,7.61,33,4094,6111,0.67,0.33,0.209,0.445,55.47,22.31,0.555,73.72,3.102,3.191,2.529,2.962,3.156,3.417,3.544,3.7,4.198,4.547,5.205,6.087,1.015,0.788,0.23,0.513,0.596,3.102,0.415,0.161,0.105,0.134,325.5,651,468,936,1404,0.59,0.137,0.273,0.197,0.393,1.314,0.616,0.174,0.056,0.469,1.212,0.698,3.203,1179.481,660.915,518.565,1,2.663,4,8,2.5,5.5,0.084,1.344,2678,1993,2.568,3.008,3.207,3.497,3.63,3.785,3.983,4.335,4.611,5.237,3.158,0.427,0.157,0.098,0.135
PL0024,SS,1175,21,39.55,374,3693,8106,0.456,0.544,0.132,0.853,98.73,74.077,0.147,99.43,14.289,14.757,12.23,14.797,15.605,16.398,16.886,17.399,18.647,19.551,21.044,22.707,4.656,-0.65,0.284,0.348,0.679,14.289,2.049,-0.123,0.136,0.143,570.5,285.25,6835.5,3417.75,10253.25,0.923,0.051,0.026,0.615,0.308,4.692,2.619,0.388,0.181,0.558,6.373,3.286,20.031,7726.171,4759.206,2966.965,1,8.481,15.5,24.5,2.5,22,0.115,48.88,1222,25,13.75,15.874,16.541,17.339,17.71,18.158,18.766,19.344,20.084,21.513,15.492,1.802,-0.127,0.152,0.116
PL0025,SS,750,26,38.24,316,4506,9832,0.458,0.542,0.179,0.801,89.57,72.062,0.199,94.57,12.168,12.882,9.127,12.749,13.894,14.978,15.513,16.087,17.359,18.21,19.517,21.444,6.386,-0.372,-0.713,0.405,0.623,12.168,2.413,-0.094,0.063,0.198,775,434,5837.5,3269,9106.5,0.883,0.075,0.042,0.566,0.317,4.576,2.34,0.31,0.146,0.511,2.753,4.556,20.466,6480.33,3502.554,2977.777,2,11.01,15,23,2.5,20.5,0.084,13.123,356.5,27.167,10.75,14.152,15.165,16.143,16.607,17.08,17.512,18.081,18.674,20.221,13.293,2.363,-0.16,0.083,0.178
PL0026,SS,1100,11,10.31,45,2757,3955,0.697,0.303,0.209,0.476,52.85,35.643,0.524,67.21,3.614,3.825,2.578,3.342,3.708,4.163,4.447,4.756,5.436,6.044,7.019,7.808,1.869,0.801,-0.1,0.572,0.515,3.614,0.696,0.193,0.065,0.193,510.5,1021,547.5,1095,1642.5,0.517,0.161,0.322,0.172,0.345,1.263,0.619,0.19,0.053,0.49,1.082,1.272,5.762,1224.364,853.54,370.824,1,3.195,4,9.5,2.5,7,0.099,1.547,396,256,2.598,3.378,3.801,4.28,4.586,4.888,5.205,5.553,6.216,7.123,3.68,0.725,0.186,0.056,0.197
PL0027,SS/LPN,1725,15,30.85,168,4020,7743,0.519,0.481,0.171,0.745,87.86,60.14,0.255,94.02,5.536,5.909,3.878,5.369,5.993,6.642,7.008,7.398,8.382,9.223,10.552,12.722,3.13,0.373,-0.537,0.578,0.525,5.536,1.178,0.078,0.067,0.213,307.125,443.625,2073.375,2994.875,5068.25,0.871,0.053,0.076,0.356,0.515,2.624,1.198,0.221,0.119,0.456,1.935,3.164,12.722,2945.977,1588.202,1357.775,1,5.926,5.5,14.5,2.5,12,0.101,2.585,1419,549,4.192,5.854,6.508,7.179,7.546,7.89,8.304,8.841,9.595,10.804,5.928,1.242,0.038,0.061,0.21
PL0028,SS,1775,24,79.07,705,4769,10060,0.474,0.526,0.1,0.89,99.96,79.097,0.11,98.96,15.427,15.675,13.641,15.558,16.28,16.981,17.369,17.841,18.94,19.731,21.013,23.126,3.728,-0.369,0.182,0.327,0.734,15.427,1.563,-0.055,0.121,0.101,980.25,73.125,6989.625,3365.375,10355,0.908,0.086,0.006,0.613,0.295,3.922,2.259,0.463,0.285,0.576,3.493,5.175,16.873,8727.056,5387.186,3339.87,1,7.296,16,25,3,22,0.137,3681,1840.5,0.5,14.682,16.526,17.158,17.858,18.21,18.609,19.022,19.532,20.205,21.41,16.349,1.443,-0.067,0.112,0.088
PL0029,SS,1075,21,38.7,312,8289,17488,0.474,0.526,0.086,0.87,93.03,81.65,0.13,98.3,9.112,9.761,6.32,9.317,10.316,11.207,11.775,12.351,13.665,14.549,16.112,18.775,5.455,-0.067,-0.818,0.504,0.566,9.112,2.009,-0.024,0.058,0.22,470.25,418,4290.75,3814,8104.75,0.901,0.052,0.046,0.477,0.424,3.477,1.577,0.304,0.223,0.454,2.864,1.394,7.107,4974.213,3108.521,1865.692,2,9.6,10.5,20.5,2.5,18,0.082,4.903,4712,961,7.121,10.152,11.065,12.126,12.599,13.135,13.713,14.347,15.073,16.611,9.87,2.001,-0.048,0.059,0.203
PL0031,SS,1150,28,62.7,623,3429,7679,0.447,0.553,0.11,0.885,99.39,79.788,0.115,98.19,15.078,15.478,13.299,15.676,16.399,17.122,17.514,17.924,18.901,19.722,21.22,23.566,4.215,-0.923,0.996,0.335,0.711,15.078,1.906,-0.165,0.156,0.126,270,126,7665,3577,11242,0.966,0.023,0.011,0.659,0.307,4.444,2.517,0.426,0.236,0.566,4.726,4.335,17.539,8580.706,5272.168,3308.538,1,7.614,17,25.5,2.5,23,0.129,74.361,2677,36,15.004,16.909,17.509,18.087,18.4,18.701,19.068,19.535,20.238,21.572,16.401,1.593,-0.175,0.178,0.097
PL0032,SS,700,9,4.53,18,7492,10715,0.699,0.301,0.266,0.319,38.24,17.034,0.681,66.84,3.057,3.159,2.407,2.904,3.14,3.403,3.531,3.704,4.181,4.519,5.372,6.171,1.124,0.872,0.399,0.529,0.569,3.057,0.439,0.182,0.084,0.144,413.25,826.5,380.25,760.5,1140.75,0.479,0.174,0.347,0.16,0.319,1.494,0.632,0.113,0.047,0.423,0.988,1.024,4.644,1053.7,422.794,630.905,1,2.639,4,8,2.5,5.5,0.08,1.324,1113,840.333,2.471,2.992,3.236,3.471,3.601,3.772,3.987,4.227,4.601,5.492,3.12,0.445,0.164,0.088,0.143
PL0033,SS,1175,10,10.5,45,4982,7110,0.701,0.299,0.254,0.47,52.33,34.586,0.53,73.01,3.404,3.548,2.585,3.222,3.526,3.849,4.011,4.25,4.827,5.27,6.184,6.935,1.426,0.789,0.134,0.535,0.55,3.404,0.557,0.169,0.083,0.164,438,657,620,930,1550,0.586,0.166,0.248,0.234,0.352,1.441,0.657,0.144,0.05,0.456,2.023,1.3,5.955,1272.267,748.567,523.7,1,2.91,4,8.5,2.5,6,0.11,1.556,192.937,124,2.695,3.322,3.63,3.949,4.122,4.375,4.64,4.942,5.38,6.245,3.495,0.57,0.151,0.086,0.163
PL0034,SS,475,25,23.59,196,9415,19311,0.488,0.512,0.196,0.782,80.95,75.566,0.218,87.85,11.721,12.213,9.377,11.935,12.862,13.846,14.288,14.776,16.051,16.943,18.557,21.269,4.911,-0.279,-0.346,0.439,0.632,11.721,1.948,-0.057,0.097,0.166,1058,736,5025.5,3496,8521.5,0.826,0.103,0.071,0.487,0.339,4.595,2.284,0.296,0.146,0.497,2.734,2.846,15.435,5680.328,2832.496,2847.832,2,9.485,13.5,23,2.5,20.5,0.102,28.381,794.667,28,10.376,12.953,13.914,14.675,15.128,15.621,16.184,16.72,17.528,19.042,12.597,1.939,-0.102,0.111,0.154
PL0035,SS,1550,10,13.38,69,3219,5827,0.552,0.448,0.154,0.66,78.35,50.652,0.34,90.04,3.922,4.14,2.872,3.725,4.108,4.525,4.798,5.103,5.832,6.34,7.442,9.219,1.926,0.676,-0.071,0.596,0.527,3.922,0.744,0.145,0.074,0.19,288.125,576.25,1034.375,2068.75,3103.125,0.782,0.073,0.145,0.261,0.521,1.864,0.811,0.154,0.087,0.435,2.069,2.125,8.126,1874.796,1084.779,790.018,1,3.553,4,11,2.5,8.5,0.112,1.751,3004,1716,3.068,4.038,4.401,4.842,5.116,5.36,5.683,6.043,6.562,7.672,4.156,0.774,0.102,0.071,0.186
PL0036,SS,1675,19,45.23,375,3773,8350,0.452,0.548,0.118,0.865,99.52,75.705,0.135,95.66,12.505,12.787,10.745,12.578,13.26,13.988,14.344,14.766,15.894,16.75,18.086,19.683,3.599,-0.296,0.219,0.361,0.691,12.505,1.5,-0.038,0.124,0.12,354,177,5994,2997,8991,0.944,0.037,0.019,0.629,0.315,4,2.206,0.393,0.202,0.551,1.154,6.145,18.705,6963.862,4212.51,2751.352,1,6.971,13.5,21.5,2.5,19,0.143,221.857,1553,7,12.047,13.673,14.232,14.841,15.167,15.605,16.035,16.585,17.405,18.437,13.569,1.324,-0.036,0.124,0.098
PL0037,SS,1850,15,32.76,215,8618,18496,0.466,0.534,0.042,0.916,96.29,87.497,0.084,98.44,6.652,6.984,5.063,6.756,7.3,7.923,8.268,8.603,9.424,10.067,11.023,12.405,3.205,-0.064,-0.692,0.455,0.603,6.652,1.218,-0.019,0.075,0.183,162,121.5,3012,2259,5271,0.949,0.029,0.022,0.542,0.407,2.661,0.994,0.13,0.119,0.373,1.837,3.374,10.786,3963.78,2440.906,1522.874,1,6.17,7.5,14,2.5,11.5,0.134,6.04,740.182,122.545,5.835,7.472,8.089,8.641,8.926,9.249,9.567,9.991,10.488,11.382,7.3,1.223,-0.075,0.085,0.167
PL0038,SS,825,10,6.62,30,9726,14698,0.662,0.338,0.078,0.435,52.1,26.689,0.565,79.35,3.232,3.378,2.432,3.008,3.291,3.626,3.826,4.032,4.605,5.152,6.091,8.148,1.394,1.011,0.741,0.631,0.531,3.232,0.537,0.215,0.088,0.166,275.25,917.5,518.25,1727.5,2245.75,0.653,0.08,0.267,0.151,0.502,1.694,0.684,0.118,0.062,0.404,1.648,1.206,4.815,1385.181,588.27,796.911,1,2.784,4,10,2.5,7.5,0.091,1.408,5995,4258,2.474,3.101,3.392,3.734,3.923,4.137,4.387,4.715,5.268,6.143,3.304,0.557,0.2,0.084,0.168
PL0039,SS,500,10,3.97,18,2620,3831,0.684,0.316,0.229,0.326,36.18,24.69,0.674,54.17,3.539,3.766,2.48,3.23,3.622,3.986,4.262,4.543,5.407,6.139,7.213,8.734,1.782,1.059,0.731,0.63,0.491,3.539,0.701,0.232,0.094,0.198,678,1695,380,950,1330,0.36,0.183,0.458,0.103,0.257,1.527,0.809,0.223,0.034,0.53,1.282,1.728,6.663,815.854,324.941,490.913,1,3.09,4,10.5,2.5,8,0.095,1.496,1074,718,2.502,3.313,3.701,4.114,4.356,4.646,5.089,5.608,6.274,7.397,3.608,0.733,0.224,0.086,0.203
PL0040,SS,1175,19,35.09,235,3807,8364,0.455,0.545,0.046,0.855,96.03,76.629,0.145,96.38,8.096,8.66,5.742,8.063,8.96,9.907,10.419,10.955,12.263,13.129,14.683,22.556,4.677,0.112,-0.596,0.643,0.551,8.096,1.761,0.016,0.066,0.218,290.625,2320.375,3676.875,4902.5,8579.375,0.767,0.026,0.207,0.329,0.438,3.407,1.658,0.29,0.169,0.487,1.243,2.18,9.384,4471.951,2660.514,1811.436,1,8.9,8.5,19.5,2.5,17,0.086,4.438,2383,537,6.67,8.96,9.905,10.917,11.377,11.885,12.404,12.935,13.614,15.147,8.907,1.805,-0.032,0.071,0.203
PL0041,SS/LPN,550,8,3.14,12,3519,5032,0.699,0.301,0.357,0.279,34.53,12.492,0.721,59.42,2.999,3.116,2.326,2.795,2.995,3.327,3.46,3.648,4.107,4.542,5.665,7.973,1.134,1.513,3.802,0.649,0.529,2.999,0.448,0.242,0.112,0.15,492,1476,301.5,904.5,1206,0.38,0.155,0.465,0.095,0.285,1.266,0.617,0.163,0.031,0.487,1.142,1.334,5.137,856.171,445.727,410.444,1,2.596,4,9.5,2.5,7,0.071,1.28,456,356.333,2.361,2.837,3.068,3.376,3.521,3.693,3.905,4.12,4.553,5.585,3.036,0.452,0.226,0.107,0.149
PL0042,SS,650,9,4.85,19,3787,5128,0.738,0.262,0.274,0.32,38.9,12.453,0.68,65.76,2.794,2.87,2.32,2.618,2.775,2.975,3.106,3.243,3.675,4.166,4.859,6.446,0.786,1.463,2.63,0.594,0.575,2.794,0.346,0.269,0.146,0.124,296,1036,233,815.5,1048.5,0.441,0.124,0.435,0.098,0.343,1.165,0.549,0.135,0.012,0.472,1.526,1.018,4.179,877.275,523.871,353.404,1,2.454,4,8,2.5,5.5,0.041,1.141,543.333,476,2.329,2.624,2.779,2.991,3.122,3.255,3.445,3.701,4.199,4.858,2.807,0.35,0.268,0.146,0.125
PL0043,SS,1450,10,13.59,63,6165,8865,0.695,0.305,0.217,0.501,56.67,34.926,0.499,78.07,3.197,3.3,2.553,3.06,3.297,3.568,3.703,3.861,4.397,4.766,5.439,6.16,1.15,0.725,0.009,0.503,0.588,3.197,0.456,0.154,0.087,0.143,280.875,561.75,495.375,990.75,1486.125,0.638,0.121,0.241,0.213,0.425,1.485,0.637,0.119,0.067,0.429,1.584,0.761,3.797,1277.919,732.972,544.947,1,2.727,4,8,2.5,5.5,0.099,1.438,1438,1000,2.598,3.129,3.388,3.643,3.79,3.984,4.21,4.501,4.863,5.484,3.267,0.473,0.143,0.083,0.145
PL0044,SS,2750,18,71.74,703,6146,12098,0.508,0.492,0.037,0.959,99.74,91.919,0.041,99.82,14.646,14.758,13.477,14.737,15.21,15.659,15.911,16.177,16.876,17.435,18.433,19.47,2.434,-0.58,1.764,0.243,0.795,14.646,1.009,-0.054,0.127,0.069,897.375,23,6279,2093,8372,0.901,0.097,0.002,0.676,0.225,2.771,1.322,0.38,0.32,0.477,5.969,5.5,17.962,8378.873,6341.384,2037.49,1,4.999,15.5,21,2.5,18.5,0.2,2320.667,257.852,0.111,14.52,15.503,15.89,16.287,16.477,16.705,16.994,17.329,17.819,18.693,15.466,0.836,-0.042,0.132,0.054
PL0045,SS,325,12,4.13,16,3414,4336,0.787,0.213,0.568,0.228,22.76,22.993,0.772,30.25,3.315,3.465,2.532,3.088,3.345,3.662,3.83,4.11,4.851,5.375,6.181,6.685,1.298,0.986,0.429,0.538,0.536,3.315,0.553,0.219,0.107,0.167,606.75,1415.75,186.75,435.75,622.5,0.236,0.229,0.535,0.071,0.165,0.871,0.58,0.412,0.091,0.666,0.688,0.228,4.008,539.683,269.638,270.046,1,2.906,4,8.5,2.5,6,0.083,1.377,225.5,163.75,2.594,3.191,3.436,3.753,3.99,4.215,4.615,5.026,5.539,6.319,3.413,0.577,0.202,0.104,0.169
PL0046,SS,1600,11,16.15,76,5196,8830,0.588,0.412,0.175,0.69,82.39,49.752,0.31,93.66,4.267,4.468,3.213,4.166,4.546,4.993,5.23,5.499,6.059,6.492,7.62,9.161,2.017,0.356,-0.484,0.545,0.56,4.267,0.756,0.07,0.065,0.177,245.25,367.875,1341.75,2012.625,3354.375,0.845,0.062,0.093,0.338,0.507,1.919,0.874,0.204,0.094,0.455,2.35,1.849,7.527,2186.84,1236.797,950.043,1,4.034,4.5,11,2.5,8.5,0.128,2.179,4307,1977,3.501,4.536,4.944,5.345,5.565,5.791,6.003,6.246,6.696,7.793,4.548,0.769,0.017,0.072,0.169
PL0047,SS,450,9,3.53,15,3894,5085,0.766,0.234,0.324,0.241,28.71,8.984,0.759,51.91,2.73,2.799,2.263,2.558,2.712,2.913,3.039,3.229,3.608,3.969,4.646,5.594,0.776,1.237,1.504,0.543,0.588,2.73,0.331,0.252,0.118,0.121,352.75,1058.25,176.25,528.75,705,0.333,0.167,0.5,0.083,0.25,1.079,0.513,0.146,0.02,0.475,0.925,0.818,4.232,762.118,452.663,309.454,1,2.423,4,7.5,2.5,5,0.042,1.144,1218,1065,2.267,2.581,2.73,2.948,3.074,3.257,3.47,3.625,3.998,4.734,2.749,0.338,0.246,0.112,0.123
PL0048,SS,1300,9,9.81,45,3055,6550,0.466,0.534,0.299,0.474,70.28,27.382,0.526,88.02,3.727,3.901,2.825,3.559,3.884,4.209,4.416,4.659,5.315,5.868,6.797,10.807,1.591,0.895,1.179,0.671,0.548,3.727,0.638,0.151,0.099,0.171,375,1377.25,947.5,2084.5,3032,0.634,0.078,0.288,0.198,0.436,2.701,1.103,0.09,0.047,0.408,1.389,1.861,6.546,1638.395,364.937,1273.458,1,3.224,4,12.5,2.5,10,0.127,1.8,2669,1483,3.076,3.827,4.151,4.492,4.711,4.958,5.257,5.575,6.07,7.226,3.975,0.661,0.125,0.105,0.166
PL0050,SS,1625,11,16.32,85,4077,6838,0.596,0.404,0.177,0.678,81.36,47.736,0.322,91.67,4.442,4.701,3.166,4.293,4.776,5.252,5.507,5.794,6.594,7.213,8.215,10.744,2.341,0.475,-0.398,0.6,0.541,4.442,0.873,0.1,0.063,0.197,306.75,838.5,1280.25,2347.125,3627.375,0.76,0.064,0.176,0.268,0.492,1.902,0.884,0.219,0.104,0.465,2.607,1.654,9.324,2150.411,1188.374,962.037,1,4.351,4,12.5,2.5,10,0.11,2.014,3029,1504,3.247,4.575,5.003,5.503,5.746,6.077,6.423,6.848,7.347,8.405,4.621,0.916,0.069,0.053,0.198
PL0051,SS,1550,10,12.72,60,2615,5342,0.49,0.51,0.296,0.487,72.89,25.523,0.513,87.67,3.459,3.611,2.615,3.256,3.559,3.92,4.117,4.355,4.936,5.439,6.195,7.648,1.502,0.793,0.182,0.574,0.558,3.459,0.577,0.17,0.08,0.167,295.5,591,762.5,1525,2287.5,0.72,0.093,0.186,0.24,0.48,2.108,0.898,0.107,0.041,0.426,1.161,1.457,4.381,1507.044,440.605,1066.439,1,2.977,4,9.5,2.5,7,0.108,1.555,1181,759.5,2.763,3.463,3.792,4.163,4.359,4.572,4.818,5.149,5.577,6.418,3.627,0.604,0.131,0.071,0.166
PL0052,SS,400,30,28.3,238,12009,21900,0.548,0.452,0.259,0.718,72.56,70.832,0.282,80.56,14.337,14.776,12.063,14.58,15.517,16.452,16.896,17.379,18.775,19.755,21.219,22.857,4.833,-0.428,0.015,0.362,0.676,14.337,2.013,-0.077,0.117,0.14,1991.5,995.75,5414.5,2707.25,8121.75,0.731,0.179,0.09,0.487,0.244,5.371,3.041,0.354,0.116,0.566,3.185,6.079,20.246,6239.669,3036.751,3202.918,1,8.938,16,24.5,2.5,22,0.11,67.59,1054.4,15.6,13.218,15.476,16.385,17.101,17.524,18.092,18.68,19.346,20.385,21.651,15.173,1.922,-0.097,0.135,0.127
PL0053,LPS,825,8,4.29,18,2723,4192,0.65,0.35,0.188,0.291,37.79,13.07,0.709,53.82,3.125,3.236,2.436,2.959,3.212,3.49,3.622,3.81,4.333,4.775,5.525,6.311,1.186,0.884,0.344,0.531,0.566,3.125,0.465,0.189,0.085,0.149,500.625,1001.25,292.875,585.75,878.625,0.369,0.21,0.421,0.123,0.246,1.588,0.815,0.197,0.011,0.513,1.01,1.127,5.244,796.259,243.475,552.784,1,2.686,4,8,2.5,5.5,0.087,1.37,393.333,287,2.47,3.05,3.312,3.568,3.727,3.875,4.062,4.434,4.854,5.554,3.193,0.478,0.166,0.085,0.15
PL0054,LPN,475,8,2.63,11,3178,4806,0.661,0.339,0.366,0.202,26.56,7.801,0.798,51.91,3.031,3.147,2.344,2.801,3.065,3.39,3.538,3.674,4.237,4.747,5.506,6.25,1.194,1.017,0.627,0.552,0.55,3.031,0.464,0.224,0.089,0.153,577.125,1154.25,216.375,432.75,649.125,0.273,0.242,0.485,0.091,0.182,1.605,0.746,0.162,0.06,0.465,1.188,1.565,5.125,690.092,220.489,469.603,1,2.622,4,8,2.5,5.5,0.076,1.308,188.4,144,2.366,2.849,3.128,3.446,3.611,3.759,4.005,4.288,4.798,5.534,3.07,0.477,0.213,0.084,0.155
PL0055,LPN,650,8,4.05,17,2648,4256,0.622,0.378,0.388,0.27,36.29,11.692,0.73,60.33,3.161,3.3,2.401,2.942,3.165,3.468,3.661,3.97,4.587,5.145,5.75,7.131,1.26,1.01,0.459,0.587,0.55,3.161,0.517,0.232,0.096,0.164,498,1328,295.5,788,1083.5,0.373,0.171,0.456,0.102,0.271,1.61,0.736,0.148,0.059,0.457,1.042,1.322,6.032,863.525,301.253,562.272,1,2.763,4,9,2.5,6.5,0.075,1.318,1074,815,2.417,2.976,3.241,3.556,3.804,4.092,4.369,4.702,5.231,5.813,3.22,0.538,0.22,0.085,0.167
PL0056,SS,1900,10,16.82,88,6002,12469,0.481,0.519,0.184,0.674,86.54,49.729,0.325,91.32,4.23,4.452,3.124,4.087,4.497,4.957,5.205,5.492,6.214,6.668,7.562,8.865,2.081,0.435,-0.566,0.539,0.559,4.23,0.79,0.098,0.06,0.187,195,260,1392,1856,3248,0.877,0.053,0.07,0.376,0.501,2.512,1.025,0.151,0.079,0.408,1.464,1.796,5.774,2327.909,730.258,1597.651,1,3.992,4,10.5,2.5,8,0.118,1.993,746.25,374.375,3.462,4.578,5.001,5.449,5.682,5.967,6.215,6.525,6.93,7.74,4.609,0.818,0.03,0.057,0.178
PL0057,SS,1400,10,12.2,56,5250,8873,0.592,0.408,0.233,0.532,66.25,34.198,0.468,86.59,4.043,4.289,2.841,3.783,4.254,4.74,5.05,5.375,6.164,6.731,7.562,8.327,2.209,0.587,-0.513,0.546,0.535,4.043,0.809,0.144,0.055,0.2,374.375,599,948.125,1517,2465.125,0.717,0.109,0.174,0.276,0.441,1.983,0.877,0.18,0.095,0.442,2.516,1.511,7.189,1740.881,799.47,941.41,1,3.748,4,10,2.5,7.5,0.107,1.766,318,180.091,2.891,3.903,4.396,4.995,5.323,5.646,5.988,6.418,6.909,7.659,4.175,0.855,0.131,0.038,0.205
PL0058,SS,2575,10,24.06,116,6490,11205,0.579,0.421,0.137,0.818,98.49,58.834,0.182,99.64,4.561,4.754,3.584,4.496,4.859,5.202,5.418,5.665,6.322,6.807,8.041,11.121,1.834,0.488,0.381,0.596,0.567,4.561,0.754,0.068,0.109,0.165,33.25,57,1818.25,3117,4935.25,0.982,0.007,0.011,0.362,0.62,1.957,0.911,0.249,0.114,0.466,2.573,1.164,8.401,2732.673,1496.01,1236.663,1,3.985,5,13,2.5,10.5,0.167,3.166,6699,2116,3.964,4.849,5.154,5.497,5.704,5.939,6.201,6.535,6.946,8.314,4.877,0.73,0.044,0.126,0.15
PL0059,SS/JL,900,9,7.59,36,7081,11961,0.592,0.408,0.224,0.376,48.41,22.029,0.624,71.35,3.457,3.643,2.509,3.179,3.549,3.953,4.167,4.418,5.138,5.725,6.762,8.331,1.658,0.925,0.337,0.618,0.511,3.457,0.634,0.21,0.077,0.183,454.5,1022.625,603.5,1357.875,1961.375,0.571,0.132,0.297,0.176,0.395,1.942,0.807,0.157,0.094,0.416,1.021,0.887,3.898,1345.362,353.958,991.404,1,2.998,4,10,2.5,7.5,0.101,1.516,3989,2631,2.525,3.338,3.671,4.112,4.343,4.556,4.861,5.335,5.93,6.862,3.556,0.668,0.19,0.066,0.188
PL0060,SS,1150,12,15.22,70,7593,13782,0.551,0.449,0.168,0.697,84.22,51.802,0.303,95.83,4.358,4.621,3.094,4.16,4.629,5.113,5.41,5.717,6.523,7.114,8.4,10.867,2.316,0.606,-0.105,0.617,0.519,4.358,0.866,0.124,0.07,0.199,177,354,1410,2820,4230,0.888,0.037,0.074,0.296,0.592,2.173,0.915,0.164,0.09,0.421,1.613,2.925,8.086,2366.442,1086.447,1279.995,1,4.182,4,12.5,2.5,10,0.11,1.942,1628.25,838.5,3.281,4.465,4.949,5.521,5.78,6.07,6.416,6.83,7.339,8.562,4.618,0.905,0.093,0.057,0.196
PL0061,SS,1150,14,20.18,100,5136,9313,0.551,0.449,0.15,0.739,86.14,58.894,0.261,94.02,4.798,5.098,3.439,4.607,5.131,5.694,5.98,6.353,7.242,7.888,9.027,10.123,2.541,0.441,-0.505,0.545,0.532,4.798,0.98,0.096,0.068,0.204,236.25,337.5,1615.25,2307.5,3922.75,0.872,0.053,0.075,0.359,0.513,2.114,0.89,0.168,0.105,0.421,2.235,1.333,5.825,2571.386,1494.855,1076.531,1,4.914,5,12,2.5,9.5,0.107,2.227,1006,451.75,3.719,4.961,5.512,6.055,6.391,6.781,7.129,7.556,8.236,9.216,5.114,1.014,0.069,0.066,0.198
PL0062,LPN,675,9,4.44,19,2614,4207,0.621,0.379,0.399,0.266,35.04,12.869,0.734,57.43,3.217,3.357,2.443,3.012,3.274,3.596,3.819,3.989,4.681,5.139,5.82,6.822,1.376,0.896,0.186,0.558,0.553,3.217,0.53,0.207,0.081,0.165,517.125,1206.625,276.375,644.875,921.25,0.348,0.196,0.456,0.104,0.244,1.682,0.792,0.162,0.052,0.471,0.968,1.093,5.534,826.011,268.229,557.783,1,2.773,4,8.5,2.5,6,0.091,1.406,528,375.5,2.456,3.064,3.36,3.739,3.936,4.11,4.448,4.779,5.259,5.85,3.281,0.555,0.196,0.07,0.169
PL0063,SS,2250,10,20.54,118,2448,4516,0.542,0.458,0.106,0.768,83.78,68.472,0.232,90.04,5.247,5.548,3.84,5.164,5.651,6.205,6.459,6.854,7.707,8.327,9.681,11.399,2.619,0.329,-0.48,0.547,0.542,5.247,1.027,0.063,0.075,0.196,426,585.75,1690,2323.75,4013.75,0.798,0.085,0.117,0.336,0.462,2.102,1.028,0.22,0.089,0.489,1.974,3.479,10.072,2476.252,1589.73,886.522,1,5.238,5.5,13,2.5,10.5,0.12,2.804,644,229.667,4.46,5.766,6.229,6.741,7.076,7.361,7.66,8.142,8.717,9.902,5.749,1.038,0.002,0.096,0.18
PL0064,SS,925,15,17.82,82,3488,5600,0.623,0.377,0.208,0.62,64.88,57.197,0.38,76.99,4.61,4.957,3.156,4.321,4.842,5.427,5.753,6.113,7.181,8.139,9.543,11.07,2.597,0.716,-0.047,0.61,0.483,4.61,1.02,0.155,0.083,0.221,634.375,1087.5,1217.125,2086.5,3303.625,0.657,0.126,0.216,0.242,0.415,1.747,0.815,0.16,0.051,0.467,1.624,2.271,8.212,1801.721,1139.625,662.096,1,4.494,4,13,2.5,10.5,0.101,1.932,2187,1132,3.273,4.549,5.105,5.714,6,6.39,6.851,7.55,8.488,9.692,4.814,1.07,0.137,0.079,0.222
PL0065,SS,375,9,2.57,10,5471,8236,0.664,0.336,0.337,0.258,33.03,11.573,0.742,60.51,3.015,3.16,2.3,2.702,2.989,3.273,3.439,3.634,4.492,5.049,5.933,7.865,1.139,1.39,1.743,0.656,0.508,3.015,0.496,0.302,0.129,0.164,457.125,1371.375,319.125,957.375,1276.5,0.411,0.147,0.442,0.103,0.308,1.353,0.619,0.158,0.06,0.458,1.174,1.235,3.838,957.323,347.584,609.739,1,2.654,4,9.5,2.5,7,0.059,1.23,2008,1632,2.31,2.699,2.984,3.291,3.456,3.671,4.01,4.588,5.088,5.972,3.035,0.508,0.308,0.127,0.168
PL0067,SS,1400,14,24.19,127,3094,6455,0.479,0.521,0.21,0.77,96.22,59.328,0.23,96.88,6.475,6.756,5.11,6.585,7.09,7.574,7.846,8.129,8.856,9.534,10.755,12.232,2.736,-0.084,-0.439,0.462,0.602,6.475,1.098,-0.031,0.1,0.17,477.125,433.75,2432.375,2211.25,4643.625,0.836,0.086,0.078,0.438,0.398,2.887,1.471,0.264,0.078,0.509,1.572,2.834,10.531,3217.185,1607.107,1610.079,1,5.375,7.5,14,2.5,11.5,0.159,7.267,686.75,94.5,5.888,7.216,7.65,8.073,8.266,8.554,8.843,9.264,9.898,11.085,7.024,1.06,-0.076,0.136,0.151
PL0068,SS,1500,13,20.56,118,3606,7794,0.463,0.537,0.237,0.727,94.2,54.226,0.273,96.35,5.872,6.164,4.549,5.857,6.336,6.872,7.175,7.469,8.269,8.909,10.448,13.469,2.626,0.228,-0.037,0.565,0.562,5.872,1.061,0.023,0.106,0.181,240,312,2405,3126.5,5531.5,0.909,0.039,0.051,0.395,0.514,3.024,1.434,0.216,0.062,0.474,1.26,2.997,9.816,3190.602,1345.768,1844.834,1,5.211,6.5,15,2.5,12.5,0.15,4.884,802.25,164.25,5.144,6.433,6.936,7.401,7.634,7.955,8.285,8.672,9.25,11.042,6.387,1.044,-0.007,0.115,0.163
PL0069,SS,2050,16,43.08,296,3347,6583,0.508,0.492,0.099,0.878,98.45,76.761,0.122,99.43,8.387,8.715,6.84,8.503,9.146,9.776,10.142,10.514,11.377,12.011,13.074,14.59,3.302,-0.288,-0.34,0.417,0.642,8.387,1.344,-0.059,0.105,0.16,155.625,114.125,3811.875,2795.375,6607.25,0.96,0.023,0.017,0.554,0.406,2.617,1.323,0.331,0.194,0.506,3.353,2.172,10.512,4743.696,3175.934,1567.762,1,6.482,9,16.5,2.5,14,0.143,14.557,1332,91.5,7.568,9.251,9.893,10.476,10.751,11.08,11.445,11.849,12.37,13.338,9.036,1.301,-0.092,0.105,0.144
PL0070,SS,1800,15,37.08,302,4695,10368,0.453,0.547,0.138,0.833,97.76,71.356,0.167,97.92,10.497,10.842,8.927,10.824,11.455,12.095,12.429,12.851,13.735,14.371,15.398,16.749,3.502,-0.657,0.316,0.354,0.682,10.497,1.512,-0.118,0.13,0.144,252.5,126.25,5037.5,2518.75,7556.25,0.952,0.032,0.016,0.635,0.317,4.04,2.087,0.324,0.127,0.516,2.329,5.22,16.321,6028.28,3359.359,2668.921,1,6.794,11.5,18.5,2.5,16,0.14,22.766,1901,83.5,10.078,11.829,12.347,12.954,13.255,13.541,13.893,14.241,14.768,15.618,11.476,1.336,-0.141,0.134,0.116
PL0071,SS,1550,21,57.05,508,22823,50200,0.455,0.545,0.009,0.121,12.86,11.513,0.879,99.62,9.852,10.439,7.273,10.196,11.039,11.965,12.417,12.906,14.161,15.254,16.8,20.109,5.144,-0.169,-0.656,0.493,0.586,9.852,1.972,-0.047,0.077,0.2,741,1176.25,4284.5,3608,7892.5,0.805,0.076,0.12,0.437,0.368,10.85,2.489,-0.179,0.1,0.229,4.235,3.231,13.838,4963.837,241.769,4722.068,1,9.004,12,22,2.5,19.5,0.098,8.964,1008.5,112.5,8.638,11.263,12.163,12.883,13.367,13.84,14.351,15.06,15.853,17.168,10.852,1.94,-0.095,0.101,0.179
PL0072,LPS/SS,1750,20,60.56,527,16962,36305,0.467,0.533,0.036,0.227,26.21,19.63,0.773,95.14,14.169,14.637,12.177,14.608,15.459,16.282,16.758,17.226,18.424,19.338,20.843,22.611,4.581,-0.733,0.541,0.354,0.68,14.169,2.029,-0.131,0.147,0.143,539,269.5,6867,3433.5,10300.5,0.927,0.049,0.024,0.618,0.309,13.398,3.461,-0.261,0.084,0.258,1.428,6.634,21.823,7691.712,278.458,7413.255,1,8.413,15.5,24.5,2.5,22,0.115,31.88,1466.5,46,13.33,15.513,16.246,17.054,17.426,17.904,18.391,19.024,19.923,21.313,15.134,1.833,-0.12,0.147,0.121
PL0073,SS/LPS,1625,18,43.69,322,3814,8332,0.458,0.542,0.13,0.854,98.85,74.015,0.146,99.28,10.279,10.617,8.568,10.492,11.143,11.836,12.192,12.607,13.558,14.243,15.639,18.05,3.624,-0.376,-0.029,0.419,0.657,10.279,1.499,-0.068,0.114,0.146,349.125,257.25,4676.375,3445.75,8122.125,0.931,0.04,0.029,0.536,0.395,3.689,1.902,0.331,0.161,0.516,4.648,2.551,16.675,5754.01,3500.41,2253.6,1,7.077,11,20,2.5,17.5,0.136,30.09,3009,100,9.746,11.491,12.076,12.682,12.977,13.318,13.667,14.105,14.805,15.878,11.256,1.345,-0.09,0.12,0.119
PL0074,SS,2225,14,36.21,207,5660,9584,0.591,0.409,0.08,0.851,94.1,72.171,0.149,95.66,5.599,5.935,4.005,5.604,6.182,6.766,7.115,7.444,8.26,8.878,9.839,11.053,3.11,0.122,-0.84,0.493,0.569,5.599,1.131,0.024,0.051,0.202,88.875,98.75,2291.625,2546.25,4837.875,0.963,0.018,0.02,0.456,0.507,1.892,0.796,0.192,0.134,0.421,2.96,2.825,10.136,3163.647,2138.12,1025.527,1,6.034,6,13,2.5,10.5,0.101,2.673,1974,738.5,4.066,5.878,6.472,7.141,7.457,7.768,8.135,8.579,9.083,9.98,5.817,1.187,0.003,0.036,0.204
PL0075,SS,1550,17,38.89,314,4188,9683,0.433,0.567,0.12,0.86,99.71,75.578,0.14,96.38,11.175,11.5,9.676,11.47,12.106,12.732,13.094,13.481,14.365,15.04,16.268,18.109,3.418,-0.669,0.437,0.367,0.687,11.175,1.507,-0.12,0.141,0.135,162.75,93,5391.75,3081,8472.75,0.971,0.019,0.011,0.618,0.353,4.038,2.139,0.35,0.149,0.53,5.144,2.975,15.97,6491.172,3694.234,2796.938,1,6.627,12.5,20,2.5,17.5,0.147,39.208,3764,96,11.122,12.552,13.073,13.62,13.873,14.171,14.506,14.953,15.481,16.598,12.372,1.198,-0.098,0.146,0.097
PL0076,SS/LPS,1700,19,50.51,433,4502,10142,0.444,0.556,0.148,0.83,98.53,70.585,0.17,99.82,10.886,11.244,9.266,11.243,11.936,12.591,12.94,13.326,14.183,14.83,16.001,17.823,3.674,-0.639,0.22,0.369,0.68,10.886,1.57,-0.122,0.125,0.144,165.375,86.625,5389.125,2822.875,8212,0.971,0.02,0.01,0.637,0.334,4.284,2.218,0.316,0.115,0.518,3.396,5.972,15.445,6341.941,3463.957,2877.983,1,7.037,12.5,19.5,2.5,17,0.136,25.557,3578,140,10.51,12.342,12.865,13.415,13.682,13.971,14.286,14.714,15.227,16.451,11.942,1.349,-0.139,0.134,0.113
PL0077,SS/CP,450,29,34.54,387,5334,9746,0.547,0.453,0.359,0.635,68.56,57.412,0.365,80.98,18.797,19.175,16.552,19.081,19.908,20.847,21.409,22.007,23.505,24.571,26.249,27.867,4.857,-0.524,0.488,0.315,0.716,18.797,2.114,-0.081,0.141,0.112,3295.375,1175.625,6514.375,2791.875,9306.25,0.676,0.239,0.085,0.473,0.203,6.986,4.186,0.349,0.052,0.599,6.664,3.689,25.085,7444.1,3708.63,3735.47,1,8.613,19.5,29.5,3,26.5,0.116,718.667,165.846,0.231,17.093,19.576,20.37,21.509,22.04,22.614,23.363,24.127,25.085,26.556,19.24,2.212,-0.102,0.141,0.115
PL0078,LPS,1875,18,47.16,326,2397,4844,0.495,0.505,0.198,0.749,91.86,58.316,0.251,96.79,10.859,11.219,9.367,11.235,11.838,12.455,12.845,13.18,14.146,14.804,15.799,17.716,3.478,-0.813,0.759,0.366,0.687,10.859,1.549,-0.137,0.154,0.143,879.375,460.625,4675.125,2448.875,7124,0.841,0.104,0.054,0.552,0.289,4.391,2.5,0.324,0.061,0.569,4.765,3.397,15.34,5405.824,3041.581,2364.243,2,6.666,12,19.5,2.5,17,0.14,16.25,1625,100,10.5,12.052,12.607,13.165,13.475,13.823,14.199,14.598,15.221,16.039,11.769,1.352,-0.148,0.165,0.115
PL0079,SS,1475,24,68.02,858,4955,11020,0.45,0.55,0.102,0.893,99.9,80.594,0.107,99.64,19.414,19.557,17.886,19.542,20.106,20.742,21.1,21.441,22.403,23.033,24.411,26.503,3.214,-0.272,-0.063,0.263,0.795,19.414,1.334,-0.051,0.12,0.069,4774.125,52,5210,3386.5,8596.5,0.64,0.356,0.004,0.388,0.252,4.548,2.609,0.496,0.325,0.574,7.496,6.338,23.74,11034.535,6973.752,4060.784,1,6.298,20.5,28.5,9,19.5,0.159,0,4686,0,19.078,20.426,20.99,21.504,21.797,22.17,22.516,22.88,23.499,24.816,20.339,1.174,-0.057,0.13,0.058
PL0080,SS,1550,10,12.86,59,3543,5337,0.664,0.336,0.153,0.536,63.17,34.783,0.464,80.73,3.334,3.473,2.569,3.13,3.41,3.73,3.895,4.119,4.73,5.248,6.058,7.352,1.326,0.886,0.37,0.574,0.55,3.334,0.539,0.187,0.096,0.162,385,673.75,673,1177.75,1850.75,0.636,0.132,0.232,0.231,0.405,1.418,0.644,0.159,0.062,0.454,0.933,1.355,4.905,1361.681,895.363,466.318,1,2.872,4,9,2.5,6.5,0.1,1.477,2655,1797,2.641,3.225,3.511,3.819,4.015,4.253,4.541,4.901,5.375,6.207,3.423,0.559,0.175,0.095,0.163
PL0081,SS,1750,19,50.08,470,4349,9837,0.442,0.558,0.14,0.842,99.95,71.684,0.158,100,13.086,13.313,11.737,13.356,13.909,14.447,14.726,15.054,15.942,16.707,17.738,19.386,2.989,-0.676,0.658,0.311,0.738,13.086,1.351,-0.115,0.153,0.103,134.375,53.75,6478.125,2591.25,9069.375,0.98,0.015,0.006,0.7,0.28,4.185,2.355,0.42,0.201,0.563,4.336,1.796,11.668,7512.426,3462.498,4049.927,1,5.864,14,21,2.5,18.5,0.17,847.2,4236,5,12.936,14.243,14.645,15.099,15.357,15.661,16.097,16.605,17.12,18.054,14.019,1.158,-0.119,0.177,0.083
PL0082,LPN,2700,12,33.38,175,4818,9427,0.511,0.489,0.175,0.762,92.82,58.906,0.238,98.09,5.565,5.863,4.147,5.516,6.056,6.607,6.941,7.241,8.017,8.638,9.707,11.358,2.794,0.148,-0.642,0.514,0.573,5.565,1.056,0.026,0.073,0.19,147.375,163.75,2233.125,2481.25,4714.375,0.938,0.029,0.033,0.444,0.494,2.875,1.259,0.198,0.095,0.438,1.721,2.619,10.053,3254.18,1572.231,1681.948,1,5.441,6,13,2.5,10.5,0.129,3.536,1937.5,548,4.697,6.13,6.638,7.167,7.447,7.702,7.999,8.413,8.931,9.882,6.044,1.056,-0.027,0.079,0.175
PL0083,SS,1675,19,50.94,432,3800,8069,0.471,0.529,0.025,0.971,99.79,94.729,0.029,98.73,10.719,11.003,9.145,11.02,11.616,12.217,12.521,12.851,13.705,14.284,15.368,16.678,3.376,-0.512,-0.081,0.339,0.697,10.719,1.398,-0.105,0.113,0.13,416.25,73.75,4885.375,2571.25,7456.625,0.939,0.052,0.009,0.615,0.324,2.49,1.114,0.259,0.199,0.447,4.048,3.004,13.616,6235.962,4759.261,1476.701,1,6.28,12,18.5,2.5,16,0.158,101.135,1871,18.5,10.531,12.034,12.517,13.019,13.308,13.578,13.886,14.228,14.767,15.678,11.741,1.205,-0.129,0.134,0.103
PL0084,SS,2525,16,54.45,386,4447,8531,0.521,0.479,0.04,0.955,98.9,91.773,0.045,99.62,8.429,8.659,7.28,8.691,9.111,9.58,9.845,10.119,10.774,11.251,12.131,13.89,2.565,-0.561,0.101,0.374,0.695,8.429,1.109,-0.11,0.126,0.132,153.75,92.25,3813.75,2288.25,6102,0.961,0.024,0.015,0.601,0.36,2.145,0.956,0.252,0.19,0.446,3.228,2.364,12.309,4758.119,3683.245,1074.875,1,5.165,9.5,15.5,2.5,13,0.188,37.173,2360.5,63.5,8.086,9.284,9.702,10.121,10.358,10.596,10.842,11.167,11.637,12.411,9.085,0.994,-0.126,0.148,0.109
PL0085,SS,2025,19,49.47,398,3821,7197,0.531,0.469,0.14,0.83,95.29,69.046,0.17,95.83,11.256,11.501,9.902,11.439,11.958,12.459,12.762,13.156,14.154,14.913,15.956,18.179,2.86,-0.591,0.856,0.371,0.705,11.256,1.303,-0.083,0.162,0.116,359.625,205.5,5194.875,2968.5,8163.375,0.935,0.041,0.024,0.595,0.34,3.146,1.848,0.428,0.197,0.587,2.62,4.288,15.698,6024.254,3792.322,2231.932,1,5.788,12,20,2.5,17.5,0.171,114.556,3093,27,10.449,11.809,12.27,12.788,13.156,13.603,14.07,14.562,15.18,16.183,11.786,1.18,-0.029,0.147,0.1
PL0086,SS,1625,15,31.65,191,5085,9677,0.525,0.475,0.058,0.906,95.71,84.843,0.094,97.92,6.533,6.865,5.002,6.641,7.179,7.797,8.099,8.434,9.232,9.911,10.904,12.805,3.097,-0.085,-0.644,0.481,0.599,6.533,1.207,-0.026,0.081,0.185,254.375,254.375,2655.125,2655.125,5310.25,0.912,0.044,0.044,0.456,0.456,2.354,0.979,0.169,0.118,0.416,2.911,3.149,10.972,3599.625,2566.011,1033.615,1,6.029,7.5,14.5,2.5,12,0.131,5.01,4299,858,5.818,7.307,7.851,8.383,8.678,8.968,9.284,9.706,10.258,11.144,7.159,1.166,-0.072,0.104,0.163
PL0087,SS,2525,16,55.05,404,2807,5220,0.538,0.462,0.022,0.966,99.57,93.245,0.034,99.09,8.393,8.655,7.228,8.729,9.184,9.64,9.905,10.169,10.798,11.29,12.23,13.278,2.677,-0.702,0.175,0.343,0.686,8.393,1.174,-0.145,0.134,0.14,763.125,407,3204.375,1709,4913.375,0.808,0.125,0.067,0.527,0.281,1.86,0.862,0.21,0.126,0.463,3.371,4.677,13.278,3959.296,3370.069,589.227,1,5.217,9.5,15,2.5,12.5,0.181,18.291,1445,79,8.186,9.338,9.759,10.17,10.381,10.6,10.874,11.203,11.582,12.382,9.063,1.042,-0.166,0.167,0.115
PL0088,LPS,875,20,29.57,176,8642,16876,0.512,0.488,0.176,0.738,83.42,63.651,0.262,91.15,8.47,8.927,6.26,8.59,9.409,10.21,10.548,10.977,12.029,13.088,14.252,15.457,4.288,-0.103,-0.642,0.444,0.594,8.47,1.612,-0.026,0.077,0.19,722,496.375,3510,2413.125,5923.125,0.829,0.101,0.07,0.491,0.338,3.872,1.91,0.266,0.107,0.493,2.925,5.18,15.179,4359.893,1739.521,2620.372,1,7.854,10,17,2.5,14.5,0.112,8.615,295.062,34.25,7.338,9.598,10.283,10.915,11.286,11.664,12.042,12.783,13.454,14.526,9.263,1.569,-0.074,0.091,0.169
PL0089,LPN,1750,15,30.46,198,4236,8322,0.509,0.491,0.192,0.738,85.32,61.919,0.262,93.3,7.059,7.567,4.877,7.158,7.888,8.623,9.08,9.528,10.707,11.466,12.851,15.123,4.203,0.067,-0.745,0.527,0.549,7.059,1.565,0.005,0.062,0.222,521.625,561.75,2916.875,3141.25,6058.125,0.848,0.073,0.079,0.408,0.44,3.393,1.563,0.211,0.094,0.461,3.873,2.29,12.132,3645.817,1896.455,1749.361,1,7.758,8.5,17,2.5,14.5,0.085,3.031,2328,768,5.655,7.931,8.635,9.374,9.752,10.208,10.684,11.198,11.732,13.298,7.693,1.573,-0.047,0.068,0.204
PL0090,SS,1575,14,34.65,260,4326,8980,0.482,0.518,0.246,0.736,86.38,61.624,0.264,89.24,10.743,11.256,8.451,10.688,11.554,12.434,13.001,13.559,15.244,16.501,18.47,19.938,4.55,0.06,-0.258,0.464,0.582,10.743,1.903,0.013,0.12,0.177,852.5,682,4437.5,3550,7987.5,0.839,0.09,0.072,0.466,0.373,4.317,2.372,0.33,0.108,0.549,3.96,6.055,18.633,5246.969,2389.171,2857.798,1,8.345,11,21.5,2.5,19,0.114,23.225,215.364,9.273,9.389,11.441,12.176,13.197,13.63,14.188,15.127,16.083,17.161,18.947,11.531,1.859,0.014,0.128,0.161
PL0091,SS,1700,21,61.3,620,3213,6536,0.492,0.508,0.032,0.962,99.35,93.169,0.038,99.81,14.147,14.601,12.565,14.944,15.633,16.3,16.646,17.023,17.952,18.608,19.707,21.398,4.081,-1.099,0.959,0.302,0.718,14.147,1.942,-0.218,0.163,0.137,301,118.25,7105,2791.25,9896.25,0.96,0.029,0.011,0.689,0.271,2.751,1.315,0.313,0.244,0.478,5.751,1.224,19.383,7960.399,6434.286,1526.112,1,7.284,16,23,2.5,20.5,0.133,32.734,517.2,15.8,13.81,15.987,16.597,17.146,17.456,17.797,18.129,18.511,18.988,20.069,15.102,1.823,-0.26,0.176,0.121
PL0092,SS,1325,22,51.31,463,7595,17632,0.431,0.569,0.086,0.887,96.77,82.624,0.113,97.1,10.602,11.173,8.116,10.811,11.754,12.677,13.187,13.688,15.057,16.091,17.983,20.389,5.071,-0.166,-0.51,0.47,0.59,10.602,2.01,-0.043,0.093,0.19,175.875,134,5378.625,4098,9476.625,0.969,0.018,0.014,0.55,0.419,3.927,1.71,0.276,0.191,0.436,4.056,3.552,15.48,6310.961,3454.895,2856.066,1,9.305,12,22,2.5,19.5,0.099,13.439,1675.333,124.667,9.488,11.937,12.768,13.628,14.129,14.593,15.142,15.814,16.72,18.59,11.642,1.924,-0.07,0.108,0.165
PL0093,SS,1575,20,53.87,476,4120,8953,0.46,0.54,0.11,0.874,97.99,78.419,0.126,99.62,12.071,12.481,10.038,12.231,13.105,13.928,14.323,14.767,15.966,16.951,18.532,21.87,4.285,-0.328,0.019,0.441,0.651,12.071,1.787,-0.06,0.118,0.148,255,170,6093,4062,10155,0.96,0.024,0.016,0.576,0.384,3.613,1.839,0.367,0.226,0.509,4.812,0.934,4.46,6908.281,4409.306,2498.976,1,8.295,13,23.5,2.5,21,0.117,42.179,942,22.333,10.966,13.254,14.002,14.755,15.146,15.564,16.024,16.668,17.493,18.855,12.969,1.714,-0.08,0.123,0.132
PL0094,SS,1675,20,55.21,492,4450,9903,0.449,0.551,0.112,0.877,97.89,79.314,0.123,97.28,13.217,13.508,11.548,13.52,14.135,14.79,15.159,15.516,16.536,17.356,18.63,20.824,3.611,-0.591,0.571,0.351,0.709,13.217,1.55,-0.097,0.14,0.117,221.875,115.375,6390.625,3323.125,9713.75,0.967,0.022,0.011,0.636,0.331,3.991,2.116,0.401,0.234,0.53,5.765,3.588,18.013,7485.871,4479.782,3006.089,1,6.841,14.5,22.5,2.5,20,0.145,173,1268.667,7.333,12.861,14.458,15.006,15.577,15.866,16.241,16.685,17.171,17.907,19.04,14.221,1.375,-0.105,0.158,0.097
PL0095,SS,1725,18,44.78,392,4693,10804,0.434,0.566,0.133,0.857,98.55,75.847,0.143,99.62,13.433,13.807,11.703,13.649,14.371,15.091,15.466,15.954,17.19,18.236,20.168,23.385,3.763,-0.57,1.037,0.416,0.666,13.433,1.752,-0.081,0.172,0.13,175.5,114.75,6701.5,4381.75,11083.25,0.974,0.015,0.01,0.589,0.385,4.549,2.386,0.37,0.183,0.524,5.839,1.997,17.588,7764.27,4316.725,3447.545,1,7.323,14.5,25,2.5,22.5,0.133,44.576,541.286,12.143,12.704,14.524,15.189,15.89,16.217,16.692,17.242,17.825,18.765,20.518,14.38,1.594,-0.064,0.165,0.111
PL0096,SYC/CP,600,23,28.56,286,2205,3804,0.58,0.42,0.348,0.573,56.46,58.474,0.427,64.58,11.409,12.493,6.845,11.749,13.698,15.17,15.913,16.369,17.749,19.173,20.545,21.955,9.068,-0.101,-1.176,0.465,0.555,11.409,2.932,-0.032,0.001,0.257,3196.875,1918.125,3415.625,2049.375,5465,0.517,0.302,0.181,0.323,0.194,4.697,2.981,0.373,0.069,0.635,2.345,4.389,17.069,3433.189,2052.724,1380.465,5,12.799,16,23.5,2.5,21,0.058,3.953,126.5,32,8.687,13.572,15.104,16.146,16.55,17.035,17.695,18.648,19.545,21.057,12.771,2.749,-0.101,0.042,0.215
PL0097,SS,2125,21,74.75,624,1906,3249,0.587,0.413,0.012,0.983,100,95.979,0.017,93.23,12.519,12.692,11.092,12.653,13.241,13.749,14.047,14.359,15.089,15.665,16.696,17.594,2.955,-0.411,0.172,0.281,0.75,12.519,1.178,-0.067,0.107,0.094,961.75,175.5,5145,2205,7350,0.866,0.113,0.021,0.606,0.26,1.583,0.808,0.281,0.183,0.51,0.742,3.817,14.739,6421.158,5867.961,553.198,1,5.808,13.5,19.5,2.5,17,0.172,550,1650,3,11.825,13.305,13.751,14.237,14.504,14.779,15.11,15.465,15.966,16.851,13.132,1.065,-0.066,0.108,0.081
PL0098,LPS/SS,1375,19,43.46,313,3598,8144,0.442,0.558,0.133,0.852,97.08,75.781,0.148,97.4,9.742,10.209,7.606,9.924,10.738,11.552,11.963,12.416,13.577,14.464,15.873,18.037,4.357,-0.216,-0.429,0.45,0.614,9.742,1.736,-0.048,0.096,0.178,292.125,215.25,4733.375,3487.75,8221.125,0.942,0.033,0.025,0.542,0.4,3.889,1.883,0.274,0.14,0.484,2.746,4.969,15.693,5612.62,3274.765,2337.854,1,8.222,11,20,2.5,17.5,0.112,12.663,1260,99.5,8.881,11.106,11.829,12.517,12.927,13.317,13.743,14.294,15.077,16.375,10.761,1.665,-0.098,0.118,0.155
PL0099,LPN,1925,12,23.12,140,5231,10869,0.481,0.519,0.276,0.631,84.82,42.958,0.369,94.75,5.079,5.384,3.645,4.973,5.468,6.005,6.383,6.739,7.477,8.151,9.425,11.691,2.738,0.365,-0.49,0.575,0.539,5.079,1.019,0.074,0.068,0.201,290,435,1826,2739,4565,0.863,0.055,0.082,0.345,0.518,3.197,1.375,0.155,0.06,0.43,2.759,2.586,9.539,2627.86,916.642,1711.218,1,5.111,5,13.5,2.5,11,0.116,2.583,1947.5,754,3.972,5.379,5.949,6.564,6.866,7.162,7.432,7.843,8.452,9.615,5.45,1.051,0.035,0.06,0.193
PL0100,LPS,1875,18,49.98,263,3478,7058,0.493,0.507,0.168,0.765,93.47,60.028,0.235,99.24,7.45,7.91,5.468,7.515,8.243,9.014,9.459,9.845,10.882,11.719,13.015,14.56,3.991,-0.033,-0.689,0.484,0.572,7.45,1.524,-0.014,0.076,0.205,344.75,295.5,3358.25,2878.5,6236.75,0.907,0.05,0.043,0.488,0.419,3.508,1.771,0.273,0.105,0.505,3.867,3.263,14.56,4060.526,2184.848,1875.678,1,7.535,8,16.5,2.5,14,0.102,4.494,2121,472,6.315,8.277,9.005,9.723,10.081,10.451,10.876,11.399,12.247,13.321,8.106,1.516,-0.06,0.092,0.187
PL0101,SS,1350,17,33.65,272,8303,18319,0.453,0.547,0.078,0.898,99.12,81.999,0.102,98.78,8.905,9.33,6.923,9.007,9.776,10.484,10.912,11.327,12.384,13.397,15.003,16.901,3.989,-0.095,-0.425,0.467,0.594,8.905,1.584,-0.027,0.1,0.178,70.125,53.625,4426.375,3384.875,7811.25,0.985,0.009,0.007,0.558,0.427,3.523,1.57,0.253,0.155,0.446,2.344,5.183,14.249,5649.951,3120.308,2529.643,1,7.567,10,18.5,2.5,16,0.123,15.102,1082.333,71.667,8.281,10.144,10.8,11.406,11.722,12.128,12.533,13.156,14.046,15.454,9.926,1.481,-0.055,0.118,0.149
PL0102,LPS,1850,18,51.74,282,3071,6270,0.49,0.51,0.211,0.733,88.41,58.862,0.267,94.79,7.891,8.354,5.966,7.99,8.747,9.536,9.87,10.269,11.304,12.342,13.985,15.557,3.904,-0.05,-0.499,0.486,0.564,7.891,1.564,-0.022,0.094,0.198,980.625,849.875,2986.875,2588.625,5575.5,0.753,0.132,0.115,0.403,0.35,3.515,1.803,0.276,0.104,0.513,2.831,5.042,12.964,3573.513,2040.842,1532.671,1,7.383,9,17.5,2.5,15,0.112,6.133,615.333,100.333,6.66,8.789,9.52,10.12,10.413,10.728,11.236,11.885,12.828,14.213,8.502,1.573,-0.062,0.109,0.185
PL0103,LPS,950,24,43.8,223,3763,7484,0.503,0.497,0.18,0.787,91.39,65.95,0.213,94.71,8.394,8.942,5.972,8.574,9.388,10.3,10.741,11.266,12.533,13.231,14.382,16.031,4.769,-0.067,-0.876,0.465,0.584,8.394,1.771,-0.02,0.054,0.211,446,362.375,3786,3076.125,6862.125,0.895,0.058,0.047,0.494,0.401,3.5,1.74,0.266,0.12,0.497,3.512,1.755,10.16,4494.189,2547.885,1946.305,1,8.883,9.5,18,2.5,15.5,0.09,5.111,1973,386,6.394,9.348,10.28,11.201,11.684,12.173,12.613,13.076,13.642,14.692,9.003,1.856,-0.071,0.039,0.206
PL0104,SS,1550,23,66.02,659,2322,6269,0.37,0.63,0.145,0.825,97.24,73.752,0.175,93.92,14.581,15.232,11.855,15.175,16.335,17.474,17.981,18.531,19.761,20.675,22.117,23.85,6.126,-0.576,-0.202,0.364,0.659,14.581,2.48,-0.124,0.097,0.17,903.75,421.75,7031.25,3281.25,10312.5,0.886,0.078,0.036,0.604,0.282,5.831,3.318,0.353,0.099,0.569,5.048,3.384,18.63,8131.055,4317.26,3813.795,2,11.052,18,25.5,2.5,23,0.086,19.444,233.333,12,14.43,17.451,18.223,18.991,19.341,19.703,20.178,20.72,21.378,22.76,16.705,1.977,-0.153,0.107,0.118
PL0105,SS/LPL,1475,24,70.65,657,2508,7700,0.326,0.674,0.12,0.865,99.64,80.104,0.135,99.82,15.534,16.092,13.279,16.14,17.041,18.009,18.498,19.058,20.327,21.293,23.049,25.527,5.219,-0.703,0.255,0.368,0.674,15.534,2.329,-0.141,0.139,0.15,420,210,8044,4022,12066,0.951,0.033,0.017,0.634,0.317,6.165,3.226,0.33,0.133,0.523,7.171,5.919,21.871,9113.507,4590.212,4523.295,2,9.47,17.5,27.5,2.5,25,0.103,44.83,2107,47,16.18,18.294,19.016,19.672,20.054,20.417,20.907,21.494,22.344,24.09,17.93,1.708,-0.123,0.162,0.095
PL0106,SS/LPL,950,25,52.37,554,2218,6194,0.358,0.642,0.151,0.817,94.32,74.648,0.183,98.01,16.407,17.199,13.405,17.457,18.585,19.673,20.251,20.812,22.03,23.188,24.635,26.119,6.846,-0.81,0.12,0.332,0.666,16.407,2.853,-0.177,0.118,0.174,1190,476,8067.5,3227,11294.5,0.871,0.092,0.037,0.622,0.249,6.188,3.421,0.348,0.12,0.553,3.559,8.445,22.699,8464.61,4635.492,3829.118,3,11.009,20,28,2.5,25.5,0.083,12.053,1374,114,15.889,19.281,20.339,21.156,21.528,21.94,22.461,23.273,24.013,25.093,18.103,2.628,-0.233,0.153,0.145
PL0107,SS,1600,13,24.4,133,3220,6722,0.479,0.521,0.24,0.706,89.63,53.027,0.294,96.38,5.45,5.758,3.965,5.43,5.959,6.478,6.761,7.101,7.839,8.589,9.846,12.031,2.796,0.255,-0.439,0.549,0.554,5.45,1.058,0.04,0.076,0.194,319.5,426,2061,2748,4809,0.866,0.058,0.077,0.371,0.495,2.657,1.289,0.213,0.057,0.485,2.065,2.308,8.404,2799.304,1266.333,1532.972,1,5.512,6.5,14,2.5,11.5,0.118,2.981,2519,845,4.631,6.006,6.502,6.975,7.217,7.485,7.785,8.264,8.965,10.268,5.943,1.046,-0.003,0.1,0.176
PL0108,LPS,1550,17,37.33,207,12626,24275,0.52,0.48,0.2,0.698,83.34,55.164,0.302,91.85,6.329,6.739,4.51,6.336,6.959,7.656,8.043,8.424,9.446,10.215,11.296,12.786,3.533,0.112,-0.761,0.504,0.56,6.329,1.328,0.02,0.064,0.21,430.375,430.375,2479.125,2479.125,4958.25,0.852,0.074,0.074,0.426,0.426,3.466,1.535,0.201,0.098,0.443,3.402,2.488,12.168,3358.974,1114.561,2244.414,1,6.781,7.5,14.5,2.5,12,0.099,3.195,458.875,143.625,5.135,6.993,7.667,8.298,8.669,9.039,9.445,9.956,10.583,11.482,6.87,1.362,-0.039,0.071,0.198
PL0109,SS/LPN,2300,14,38.75,259,4596,9544,0.482,0.518,0.13,0.832,95.87,71.524,0.168,97.92,7.484,7.911,5.57,7.663,8.369,9.101,9.453,9.82,10.677,11.375,12.734,14.496,3.883,-0.145,-0.696,0.471,0.588,7.484,1.467,-0.042,0.072,0.196,189,148.5,3514,2761,6275,0.949,0.029,0.022,0.531,0.418,3.286,1.545,0.249,0.119,0.47,1.945,4.058,12.84,4417.169,2495.173,1921.996,1,7.276,9,16,2.5,13.5,0.108,4.991,808.5,162,6.614,8.676,9.306,9.831,10.129,10.395,10.729,11.155,11.855,13.087,8.281,1.405,-0.103,0.098,0.17
PL0110,SS,2225,17,51.23,507,4139,9209,0.449,0.551,0.091,0.894,98.91,81.677,0.106,96.35,12.653,12.952,10.986,12.813,13.543,14.227,14.614,15.009,15.977,16.782,18.154,20.5,3.628,-0.545,0.64,0.375,0.697,12.653,1.539,-0.078,0.134,0.122,177,103.25,6171,3599.75,9770.75,0.972,0.018,0.01,0.614,0.358,3.768,1.954,0.385,0.238,0.519,4.306,6.611,19.216,7292.148,4647.901,2644.248,1,7.138,13.5,22.5,2.5,20,0.138,72.042,3458,48,12.012,13.901,14.49,15.114,15.4,15.743,16.137,16.633,17.322,18.495,13.654,1.382,-0.077,0.116,0.101
PL0111,SS,1075,26,56.66,565,9701,22042,0.44,0.56,0.091,0.898,97.97,83.421,0.102,99.31,14.375,14.758,12.417,14.794,15.521,16.316,16.74,17.167,18.341,19.246,20.568,23.023,4.323,-0.608,0.371,0.357,0.699,14.375,1.861,-0.108,0.133,0.129,154,82.5,7252,3885,11137,0.98,0.014,0.007,0.638,0.342,4.176,2.035,0.376,0.258,0.487,4.205,7.459,19.186,8395.701,4303.593,4092.108,1,8.077,16,25,2.5,22.5,0.122,81.667,7350,90,13.535,15.821,16.529,17.201,17.6,18.007,18.495,19.131,19.799,21.18,15.383,1.762,-0.14,0.147,0.115
PL0112,SS,1975,17,48.06,363,4348,9948,0.437,0.563,0.142,0.839,99.33,71.929,0.161,99.64,11.101,11.4,9.728,11.338,11.904,12.49,12.8,13.163,14.138,15.036,16.268,17.525,3.072,-0.602,0.592,0.353,0.682,11.101,1.432,-0.1,0.162,0.129,110.25,57.75,5444.25,2851.75,8296,0.98,0.013,0.007,0.643,0.337,4.079,2.19,0.359,0.148,0.537,3.966,2.55,13.953,6558.724,3192.685,3366.038,1,6.076,12,19.5,2.5,17,0.161,47.872,4117,86,11.041,12.243,12.712,13.226,13.505,13.863,14.311,14.908,15.589,16.592,12.194,1.163,-0.052,0.172,0.095
PL0113,LPS,1550,20,47.36,366,3935,8397,0.469,0.531,0.148,0.831,98.58,69.431,0.169,100,10.229,10.607,8.567,10.391,11.056,11.89,12.273,12.661,13.741,14.489,15.56,17.033,3.706,-0.427,0.003,0.39,0.657,10.229,1.576,-0.073,0.125,0.154,180.5,114,4845,3060,7905,0.964,0.022,0.014,0.591,0.373,4.246,2.16,0.3,0.113,0.509,4.529,2.186,15.345,5979.51,3139.631,2839.878,1,7.142,10.5,19,2.5,16.5,0.133,21.022,2922,139,9.671,11.356,12.088,12.7,13.09,13.467,13.841,14.324,15,15.853,11.272,1.369,-0.064,0.111,0.121
PL0114,SS,1150,30,81.67,965,4548,9937,0.458,0.542,0.116,0.883,99.36,78.883,0.117,97.05,18.438,18.737,16.506,18.803,19.552,20.387,20.832,21.289,22.376,23.2,24.58,26.324,4.326,-0.747,1.045,0.286,0.75,18.438,1.843,-0.113,0.137,0.1,1055.25,89.375,8501.625,3349.125,11850.75,0.912,0.081,0.007,0.654,0.258,4.631,2.606,0.459,0.289,0.563,5.596,8.08,25.346,10329.419,6720.543,3608.876,1,8.168,19.5,28,2.5,25.5,0.122,268.417,1073.667,4,17.675,19.796,20.517,21.256,21.596,21.982,22.456,22.961,23.694,25.013,19.436,1.681,-0.124,0.136,0.087
PL0115,SS,1225,23,51.61,469,5895,11942,0.494,0.506,0.076,0.918,96.79,87.002,0.082,99.24,12.859,13.018,11.519,12.94,13.426,13.974,14.255,14.582,15.383,16.074,17.235,18.769,2.736,-0.21,0.084,0.311,0.746,12.859,1.143,-0.034,0.126,0.089,1859.25,112.5,4558.5,2532.5,7091,0.782,0.205,0.012,0.503,0.279,3.065,1.518,0.389,0.289,0.495,5.143,2.044,17.052,7262.834,5088.515,2174.32,1,5.571,13.5,20.5,2.5,18,0.179,2953,1476.5,0.5,12.507,13.657,14.133,14.592,14.84,15.096,15.432,15.909,16.588,17.645,13.636,1.013,-0.03,0.14,0.074
PL0116,SS,1375,19,39.69,357,11361,22501,0.505,0.495,0.047,0.928,97.55,87.935,0.072,99.43,10.378,10.798,8.557,10.712,11.431,12.187,12.541,12.919,14.009,14.77,15.935,17.217,3.984,-0.464,-0.149,0.378,0.651,10.378,1.679,-0.095,0.115,0.162,162.5,89.375,5127.5,2820.125,7947.625,0.969,0.02,0.011,0.625,0.344,2.897,1.284,0.272,0.197,0.443,4.923,1.402,10.246,5892.699,3988.829,1903.87,1,7.553,12,19,2.5,16.5,0.124,16.691,590.143,35.357,9.542,11.599,12.301,12.82,13.211,13.617,14.017,14.557,15.232,16.42,11.218,1.569,-0.122,0.131,0.14
PL0117,SS,600,32,48.51,572,5363,12674,0.423,0.577,0.084,0.908,97.69,85.761,0.092,97.46,17.216,17.435,15.406,17.307,18.075,18.827,19.176,19.613,20.679,21.509,22.981,25.113,3.77,-0.225,-0.126,0.311,0.749,17.216,1.557,-0.039,0.109,0.09,2692.125,120.75,6141,3582.25,9723.25,0.776,0.215,0.01,0.49,0.286,4.21,2.148,0.413,0.291,0.51,6.174,2.651,22.113,9796.837,6404.503,3392.334,1,7.524,18,27,5.5,21.5,0.133,0,1529.667,0,16.582,18.559,19.159,19.804,20.151,20.461,20.83,21.349,22.08,23.577,18.313,1.418,-0.064,0.111,0.077
PL0118,SS/BI,2475,12,32.72,245,12944,21918,0.591,0.409,0.104,0.858,98.59,67.339,0.142,100,8.114,8.428,6.675,8.323,8.798,9.29,9.555,9.857,10.613,11.678,13.799,15.941,2.88,-0.122,0.261,0.478,0.588,8.114,1.27,-0.049,0.152,0.156,210,182,3757.5,3256.5,7014,0.947,0.028,0.025,0.507,0.44,2.748,1.499,0.357,0.141,0.545,3.712,1.672,11.977,4552.441,2800.8,1751.641,1,5.602,9,17.5,2.5,15,0.166,15.666,1114,71.111,7.399,8.712,9.155,9.553,9.798,10.042,10.356,10.836,11.848,14.098,8.597,1.115,-0.028,0.178,0.13
PL0119,LPS,1375,20,44.5,272,9267,17943,0.516,0.484,0.148,0.792,93.81,63.543,0.208,96.38,9.014,9.446,7.224,9.208,9.902,10.611,11.016,11.474,12.523,13.355,14.915,16.202,3.792,-0.263,-0.3,0.432,0.604,9.014,1.599,-0.057,0.114,0.177,295.375,208.5,4201.125,2965.5,7166.625,0.935,0.039,0.027,0.548,0.387,3.924,1.98,0.294,0.118,0.505,1.468,3.584,14.602,5125.263,2123.107,3002.156,1,7.278,9.5,18,2.5,15.5,0.122,9.785,726.5,74.25,8.033,9.979,10.604,11.389,11.735,12.097,12.495,13.065,13.774,15.341,9.717,1.562,-0.095,0.13,0.161
PL0120,SS,725,34,67.08,829,5256,12549,0.419,0.581,0.061,0.931,99.75,88.276,0.069,99.83,20.426,20.635,18.498,20.56,21.258,22.048,22.471,22.994,24.139,25.002,26.402,28.308,3.973,-0.273,-0.043,0.274,0.774,20.426,1.655,-0.045,0.116,0.081,3677.375,42.25,7053.75,3396.25,10450,0.738,0.26,0.003,0.498,0.24,4.205,2.163,0.432,0.33,0.514,6.3,7.72,24.394,11662.437,8024.694,3637.743,1,7.641,21.5,30,5.5,24.5,0.131,0,917.2,0,19.919,21.636,22.313,23.072,23.483,23.896,24.321,24.858,25.698,27.035,21.512,1.525,-0.066,0.128,0.071
PL0121,SS,2000,16,43.41,340,4092,8272,0.495,0.505,0.066,0.907,94.79,86.675,0.093,99.05,8.494,9.005,6.267,8.74,9.564,10.371,10.794,11.197,12.229,13.035,14.613,16.865,4.527,-0.146,-0.712,0.482,0.581,8.494,1.712,-0.043,0.069,0.202,212,185.5,4020,3517.5,7537.5,0.95,0.027,0.023,0.507,0.443,2.589,1.061,0.167,0.124,0.41,4.363,1.157,12.812,4813.616,3449.137,1364.479,1,8.282,10.5,18.5,2.5,16,0.099,5.921,898,151.667,7.032,9.631,10.461,11.151,11.529,11.918,12.305,12.798,13.523,15.053,9.196,1.733,-0.091,0.077,0.188
PL0122,CP,1075,23,46.14,474,3105,6229,0.498,0.502,0.235,0.739,91.63,56.338,0.261,93.4,13.474,13.945,11.619,13.932,14.797,15.673,16.13,16.567,17.593,18.327,19.462,21.379,4.511,-0.836,0.622,0.348,0.692,13.474,1.979,-0.151,0.137,0.147,614.25,273,6527.25,2901,9428.25,0.914,0.06,0.026,0.633,0.281,5.83,3.197,0.292,0.033,0.548,4.141,6.596,20.27,7096.638,3556.132,3540.506,2,8.644,15,23,2.5,20.5,0.109,19.193,796.5,41.5,12.572,14.913,15.688,16.42,16.806,17.212,17.599,18.056,18.651,19.774,14.314,1.861,-0.181,0.143,0.13
PL0123,SS,2550,11,28.14,153,5119,8604,0.595,0.405,0.073,0.864,92.91,76.758,0.136,93.92,4.43,4.621,3.399,4.423,4.771,5.109,5.316,5.555,6.194,6.67,7.658,9.038,1.917,0.299,-0.395,0.511,0.578,4.43,0.748,0.05,0.083,0.169,115.5,173.25,1471.5,2207.25,3678.75,0.927,0.029,0.044,0.371,0.556,1.801,0.721,0.14,0.108,0.4,1.036,2.678,8.908,2569.104,1743.009,826.094,1,3.987,4.5,11,2.5,8.5,0.15,2.655,5379,2026,3.905,4.783,5.07,5.411,5.619,5.844,6.106,6.469,6.91,7.83,4.781,0.725,0.016,0.116,0.152
PL0124,SS,2825,13,42.14,259,4386,7738,0.567,0.433,0.062,0.914,99.16,81.354,0.086,99.64,6.439,6.654,5.313,6.539,6.94,7.386,7.635,7.87,8.557,9.071,10.002,11.929,2.322,-0.183,-0.303,0.452,0.644,6.439,0.951,-0.042,0.111,0.148,74.25,60.75,2835.25,2319.75,5155,0.975,0.014,0.011,0.536,0.439,2.072,0.96,0.268,0.17,0.463,3.149,2.326,10.359,3764.747,2728.025,1036.723,1,4.804,7,13.5,2.5,11,0.19,12.033,2196,182.5,6.017,7.025,7.417,7.799,8.004,8.252,8.543,8.865,9.312,10.176,6.958,0.862,-0.052,0.131,0.124
PL0125,MP,400,37,41.63,210,2799,4825,0.58,0.42,0.172,0.591,71.03,42.596,0.409,81.66,14.406,14.676,12.842,14.503,15.24,15.847,16.152,16.579,17.803,18.796,20.414,21.542,3.31,-0.53,1.117,0.327,0.706,14.406,1.546,-0.065,0.165,0.107,2429.375,957,4988.25,2217,7205.25,0.68,0.229,0.09,0.471,0.209,4.929,3.127,0.368,0.025,0.634,4.252,2.203,17.24,5709.507,2790.786,2918.721,1,6.48,15.5,23.5,2.5,21,0.153,146.556,659.5,4.5,13.382,15.081,15.669,16.188,16.56,17,17.578,18.143,19.189,20.55,14.869,1.506,-0.063,0.164,0.101
PL0126,SS,1875,11,19.15,92,5116,8665,0.59,0.41,0.148,0.67,79.98,48.38,0.33,92.63,4.094,4.327,2.978,3.873,4.298,4.73,4.993,5.289,6.106,6.735,7.747,9.389,2.015,0.666,-0.072,0.587,0.528,4.094,0.788,0.14,0.082,0.192,273.75,410.625,1313.25,1969.875,3283.125,0.828,0.069,0.103,0.331,0.497,1.699,0.724,0.177,0.104,0.426,1.666,0.731,3.337,2034.127,1158.838,875.289,1,3.738,4,11,2.5,8.5,0.119,1.903,872.6,458.6,3.065,4.086,4.499,4.949,5.224,5.515,5.882,6.352,6.917,8.022,4.247,0.829,0.118,0.073,0.195
PL0128,SS,1575,18,43.34,322,2048,4057,0.505,0.495,0.019,0.951,96.53,93.728,0.049,95.65,9.192,9.509,7.753,9.561,10.108,10.64,10.962,11.257,12.055,12.63,13.641,14.891,3.209,-0.58,-0.075,0.358,0.674,9.192,1.364,-0.125,0.119,0.148,590.75,312.75,3905.75,2067.75,5973.5,0.869,0.086,0.045,0.568,0.301,1.997,0.967,0.227,0.123,0.484,3.72,2.803,11.992,4560.195,3893.755,666.439,1,5.93,10.5,16.5,2.5,14,0.161,23.744,278.143,11.714,8.907,10.391,10.896,11.335,11.603,11.861,12.136,12.532,13.027,13.909,10.046,1.219,-0.161,0.155,0.121
PL0129,LPN,2025,9,15.11,80,3658,6846,0.534,0.466,0.368,0.541,68.48,37.673,0.459,89.31,4.641,4.909,3.349,4.502,4.979,5.485,5.733,6.032,6.846,7.449,8.763,10.467,2.384,0.488,-0.275,0.57,0.53,4.641,0.908,0.096,0.072,0.196,493.5,705,1358,1940,3298,0.733,0.11,0.157,0.302,0.431,3.115,1.336,0.118,0.035,0.429,1.748,3.025,9.881,2013.908,556.255,1457.653,1,4.601,4.5,12,2.5,9.5,0.112,2.162,772,357,3.638,4.905,5.343,5.82,6.082,6.361,6.716,7.119,7.703,9.081,4.943,0.934,0.055,0.076,0.189
PL0130,LPS,1375,18,34.35,187,4123,8365,0.493,0.507,0.2,0.711,83.46,59.17,0.289,91.67,7.708,8.156,5.844,7.994,8.739,9.462,9.761,10.136,10.944,11.576,12.819,14.74,3.917,-0.283,-0.709,0.458,0.601,7.708,1.521,-0.075,0.07,0.197,585,429,3382.5,2480.5,5863,0.853,0.085,0.062,0.492,0.361,3.402,1.723,0.275,0.098,0.507,3.254,2.69,12.092,3992.667,2108.529,1884.138,1,7.109,9.5,16.5,2.5,14,0.109,4.721,2474,524,6.7,8.946,9.565,10.093,10.332,10.625,10.952,11.381,12.061,13.097,8.416,1.475,-0.14,0.1,0.175
PL0131,SS,1800,20,53.55,369,2149,3937,0.546,0.454,0.09,0.907,94.18,86.521,0.093,93.3,10.702,10.962,9.15,10.843,11.49,12.131,12.443,12.757,13.679,14.302,15.379,16.629,3.293,-0.397,-0.001,0.348,0.696,10.702,1.339,-0.069,0.112,0.125,1204.75,488.75,4096.875,2156.25,6253.125,0.787,0.152,0.062,0.516,0.271,2.454,1.412,0.433,0.292,0.575,4.815,4.224,14.745,4906.604,3955.881,950.724,1,6.376,12,18.5,2.5,16,0.156,120,1680,14,9.905,11.537,12.111,12.662,12.927,13.31,13.694,14.042,14.685,15.567,11.377,1.224,-0.056,0.098,0.108
PL0133,SS,725,10,6.22,24,3784,5192,0.729,0.271,0.399,0.26,30.05,15.199,0.74,45.83,3.21,3.345,2.427,3.001,3.342,3.611,3.779,4.011,4.623,5.017,5.773,6.744,1.352,0.843,0.1,0.555,0.556,3.21,0.523,0.196,0.067,0.163,534.375,1246.875,259.125,604.625,863.75,0.327,0.202,0.471,0.098,0.229,1.017,0.525,0.213,0.045,0.516,1.232,1.913,6.744,790.789,455.714,335.075,1,2.747,4,8.5,2.5,6,0.094,1.423,640.5,450,2.422,3.012,3.372,3.671,3.838,4.06,4.344,4.681,5.059,5.793,3.228,0.536,0.195,0.057,0.166
PL0135,BI/SS,650,20,32,232,4986,8717,0.572,0.428,0.216,0.739,76.17,70.866,0.261,83.15,9.469,9.929,7.458,9.339,10.243,11.139,11.596,12.047,13.501,14.523,16.103,18.065,4.138,0.044,-0.401,0.483,0.588,9.469,1.699,0.013,0.103,0.179,1066.5,888.75,3694.5,3078.75,6773.25,0.776,0.122,0.102,0.423,0.353,3.043,1.684,0.313,0.105,0.553,1.99,3.684,11.187,4226.32,2602.291,1624.03,1,7.991,9.5,20,2.5,17.5,0.118,17.852,2410,135,8.15,10.055,10.899,11.681,12.114,12.621,13.261,14.023,15.05,16.238,10.165,1.608,0.02,0.104,0.158
PL0137,LPN/SS,950,15,19.13,107,3848,7006,0.549,0.451,0.213,0.657,69.33,61.368,0.343,80.72,6.205,6.782,3.882,5.897,6.735,7.703,8.22,8.764,10.105,11.044,12.747,15.386,4.338,0.454,-0.6,0.617,0.487,6.205,1.558,0.105,0.048,0.251,936.375,1362,1973.125,2870,4843.125,0.678,0.131,0.191,0.276,0.402,2.517,1.151,0.178,0.086,0.457,3.862,1.883,11.83,2493.523,1409.508,1084.015,1,7.476,4,17,2.5,14.5,0.062,1.912,447.5,234,4.097,6.215,7.151,8.206,8.727,9.36,9.966,10.673,11.474,13.361,6.544,1.643,0.093,0.039,0.251
PL0140,SS/LPN,1700,17,46.28,352,3191,6640,0.481,0.519,0.089,0.898,97.96,82.343,0.102,99.43,9.242,9.617,7.451,9.44,10.122,10.828,11.182,11.596,12.561,13.352,14.42,17.28,3.731,-0.261,-0.427,0.454,0.641,9.242,1.513,-0.058,0.097,0.164,294.75,472.625,4466.25,2977.5,7443.75,0.907,0.036,0.058,0.544,0.363,2.931,1.417,0.291,0.179,0.484,3.773,1.959,13.354,5243.502,3703.825,1539.677,1,7.059,10.5,19,2.5,16.5,0.135,20.901,2529,121,8.605,10.36,10.945,11.603,11.93,12.297,12.69,13.218,13.843,14.8,10.129,1.398,-0.085,0.114,0.138
PL0141,SS/LPN,1325,18,38.45,283,3245,6263,0.518,0.482,0.134,0.838,87.49,79.755,0.162,89.04,8.349,8.798,6.412,8.496,9.294,10.069,10.468,10.834,11.829,12.625,14.026,16.233,4.056,-0.168,-0.587,0.477,0.595,8.349,1.583,-0.045,0.083,0.19,678,550.875,3554,2887.625,6441.625,0.839,0.088,0.072,0.463,0.376,2.73,1.353,0.258,0.131,0.496,2.301,1.316,12.801,4251.826,2945.732,1306.094,2,7.706,10,18,2.5,15.5,0.111,7.063,506.75,71.75,7.493,9.589,10.243,10.836,11.143,11.499,11.884,12.359,13.102,14.427,9.238,1.492,-0.093,0.108,0.162
PL0142,SS/LPS,1200,28,72.44,619,3635,7484,0.486,0.514,0.173,0.807,93.54,68.641,0.193,98.37,15.232,15.818,12.877,15.554,16.573,17.616,18.231,18.921,20.362,21.406,23.159,25.229,5.354,-0.668,0.625,0.383,0.658,15.232,2.359,-0.103,0.146,0.155,798.25,412,7401.25,3820,11221.25,0.902,0.064,0.033,0.595,0.307,5.631,3.182,0.353,0.109,0.565,6.134,3.864,24.072,8095.429,4693.936,3401.493,2,9.885,16.5,27,6,21,0.095,17.558,913,52,13.835,16.456,17.455,18.564,19.155,19.629,20.274,21.039,22.179,23.494,16.13,2.279,-0.11,0.145,0.141
PL0143,SS,1550,25,78.09,763,2500,5249,0.476,0.524,0.018,0.974,99.64,95.271,0.026,99.09,16.686,16.836,15.325,16.86,17.431,17.944,18.247,18.536,19.371,19.959,21.031,23.042,2.922,-0.81,2.399,0.268,0.793,16.686,1.233,-0.09,0.138,0.074,578.375,107.25,7897.25,2802.25,10699.5,0.94,0.051,0.009,0.694,0.246,2.507,1.258,0.358,0.294,0.502,6.42,4.679,21.33,9065.27,7770.691,1294.578,1,5.762,17.5,25,2.5,22.5,0.173,532,2660,5,16.632,17.797,18.254,18.645,18.895,19.244,19.524,19.887,20.397,21.331,17.678,1.016,-0.084,0.147,0.057
PL0144,SS,800,25,41.83,399,3408,8205,0.415,0.585,0.097,0.888,98.44,82.03,0.112,99.62,13.191,14.025,9.861,13.797,14.93,16.193,16.777,17.474,19.087,20.152,22.282,24.965,6.916,-0.313,-0.631,0.447,0.592,13.191,2.715,-0.08,0.078,0.206,350,225,7056,4536,11592,0.953,0.029,0.018,0.58,0.373,4.404,2.191,0.326,0.207,0.498,5.262,2.399,18.835,7440.918,4902.302,2538.615,2,11.747,15.5,26.5,2.5,24,0.077,10.655,927,87,11.149,14.927,16.189,17.389,17.913,18.483,19.181,19.86,20.939,23.044,14.326,2.666,-0.11,0.091,0.186
PL0145,SS,1150,10,10.11,46,3891,6526,0.596,0.404,0.283,0.488,61.66,29.753,0.512,81.52,3.775,4.051,2.63,3.414,3.785,4.283,4.599,4.959,5.822,6.588,8.363,11.731,1.969,1.295,2.235,0.709,0.451,3.775,0.788,0.239,0.106,0.209,467.5,1585.125,855,2394,3249,0.613,0.088,0.299,0.161,0.452,1.823,0.842,0.199,0.102,0.462,1.431,1.884,6.925,1536.722,712.61,824.111,1,3.357,4,13.5,2.5,11,0.094,1.538,857,557.333,2.649,3.476,3.896,4.411,4.751,5.059,5.429,5.944,6.664,8.244,3.839,0.804,0.224,0.093,0.21
PL0147,SS,1400,21,51.79,455,4477,9551,0.469,0.531,0.076,0.917,99.42,84.943,0.083,100,13.892,14.256,12.055,14.047,14.778,15.581,15.978,16.454,17.783,18.842,20.894,22.849,3.923,-0.434,0.685,0.385,0.665,13.892,1.774,-0.061,0.158,0.128,212.625,118.125,6928.875,3849.375,10778.25,0.971,0.019,0.011,0.624,0.347,3.788,2.001,0.385,0.238,0.528,5.675,2.853,19.315,7963.121,5420.272,2542.849,1,7.674,14.5,24.5,2.5,22,0.129,122.25,263.308,2.154,13.23,15.128,15.806,16.489,16.9,17.371,17.947,18.569,19.466,21.596,15.001,1.618,-0.052,0.158,0.108
PL0148,LPS,1200,20,41.05,278,5159,10065,0.513,0.487,0.202,0.751,89.73,59.662,0.249,96.6,9.879,10.342,8.077,10.03,10.688,11.628,12.014,12.56,13.723,14.654,16.196,18.179,3.937,-0.279,-0.133,0.448,0.61,9.879,1.726,-0.052,0.126,0.175,543.875,400.75,4481.625,3302.25,7783.875,0.891,0.062,0.046,0.513,0.378,4.541,2.371,0.276,0.063,0.522,4.7,2.551,16.493,5253.732,2645.877,2607.855,2,7.677,10,20,2.5,17.5,0.116,9.651,1467,152,8.652,10.626,11.493,12.258,12.736,13.122,13.621,14.175,15.043,16.454,10.563,1.66,-0.061,0.125,0.157
PL0149,LPS,1250,24,57.6,379,3415,6817,0.501,0.499,0.134,0.825,95.93,68.989,0.175,95.66,12.239,12.863,10.255,12.735,13.627,14.549,14.981,15.489,16.694,17.922,19.664,22.362,4.726,-0.634,0.123,0.431,0.622,12.239,2.193,-0.13,0.146,0.179,590.625,378,6021.875,3854,9875.875,0.91,0.054,0.035,0.555,0.355,4.102,2.301,0.383,0.187,0.561,4.882,6.58,22.072,6305.573,3980.656,2324.917,2,8.928,13.5,24,2.5,21.5,0.097,7.979,468.75,58.75,10.984,13.624,14.45,15.235,15.629,16.069,16.598,17.432,18.278,20.181,12.899,2.219,-0.17,0.158,0.172
PL0150,SS,1150,22,44.82,355,3526,7125,0.495,0.505,0.037,0.955,99.69,91.442,0.045,99.13,11.269,11.734,8.965,11.221,12.136,13.1,13.689,14.222,15.657,16.685,18.187,20.679,4.724,0.011,-0.551,0.457,0.62,11.269,1.869,0.004,0.087,0.166,195.25,409.25,5623.75,3834.375,9458.125,0.94,0.019,0.041,0.559,0.381,2.728,1.293,0.282,0.197,0.474,2.705,6.445,19.54,6425.85,5005.355,1420.496,1,8.977,11.5,22.5,2.5,20,0.11,75.767,1136.5,15,10.058,12.206,13.071,14.068,14.613,15.216,15.719,16.42,17.247,18.723,12.252,1.789,-0.015,0.094,0.146
PL0151,SS,375,9,2.37,9,2661,3351,0.794,0.206,0.168,0.24,28,8.551,0.76,48.26,2.77,2.85,2.25,2.589,2.76,3.006,3.112,3.27,3.689,4.124,5.105,5.568,0.862,1.283,1.595,0.535,0.543,2.77,0.357,0.263,0.115,0.129,378.75,1136.25,150.25,450.75,601,0.284,0.179,0.537,0.071,0.213,0.948,0.486,0.206,0.032,0.512,0.884,0.773,4.077,728.902,508.921,219.98,1,2.463,4,7.5,2.5,5,0.043,1.151,794,690,2.249,2.583,2.748,2.995,3.102,3.259,3.479,3.706,4.132,5.107,2.771,0.359,0.269,0.122,0.13
PL0152,SS/LPS,1125,27,68.51,659,3752,7485,0.501,0.499,0.111,0.867,98,75.328,0.133,95.29,17.205,17.822,14.054,17.497,18.833,20.133,20.808,21.525,22.912,24.004,25.49,27.544,6.754,-0.494,0.001,0.365,0.675,17.205,2.62,-0.084,0.098,0.152,568.75,276.25,8688.75,4220.25,12909,0.939,0.041,0.02,0.632,0.307,4.354,2.576,0.454,0.26,0.592,6.927,5.182,25.093,9191.109,6226.898,2964.211,3,12.752,18.5,29.5,2.5,27,0.076,33.152,1525,46,15.13,18.144,19.311,20.849,21.622,22.275,22.852,23.599,24.504,25.725,17.976,2.506,-0.067,0.088,0.139
PL0153,SS,650,8,4.05,17,2664,3553,0.75,0.25,0.14,0.357,42.49,15.523,0.643,64.49,2.916,2.996,2.378,2.769,2.957,3.213,3.31,3.437,3.901,4.218,4.868,5.712,0.932,0.952,0.642,0.515,0.599,2.916,0.377,0.195,0.098,0.129,446.625,744.375,346.875,578.125,925,0.437,0.211,0.352,0.164,0.273,1.138,0.531,0.151,0.048,0.467,1.419,1.014,4.136,942.098,652.227,289.871,1,2.541,4,7.5,2.5,5,0.059,1.217,420.667,345.667,2.411,2.816,3.007,3.262,3.359,3.496,3.72,3.943,4.246,4.886,2.958,0.384,0.182,0.095,0.13
PL0154,SS,1350,20,53.62,503,4131,12659,0.326,0.674,0.111,0.856,99.59,78.881,0.144,96.88,15.405,16.042,12.946,16.026,17.015,18.029,18.562,19.125,20.552,21.649,23.686,25.453,5.616,-0.688,0.247,0.37,0.65,15.405,2.484,-0.136,0.139,0.161,276,129.375,8188,3838.125,12026.125,0.968,0.022,0.01,0.659,0.309,6.396,3.267,0.319,0.128,0.511,1.331,8.174,22.785,9248.207,3390.575,5857.632,1,10.066,17.5,27,2.5,24.5,0.094,21.487,402.875,18.75,15.798,18.249,19.024,19.808,20.212,20.628,21.122,21.732,22.633,24.457,17.694,2.002,-0.157,0.161,0.113
PL0155,SS,1600,19,47.78,428,5237,14905,0.351,0.649,0.135,0.848,99.12,76.976,0.152,100,13.584,13.899,11.893,13.806,14.534,15.285,15.683,16.057,17.115,17.885,19.111,20.992,3.79,-0.661,0.805,0.342,0.711,13.584,1.63,-0.098,0.138,0.12,133.25,61.5,6743.75,3112.5,9856.25,0.981,0.013,0.006,0.671,0.31,5.159,2.67,0.364,0.167,0.518,5.459,2.574,16.916,8181.162,2720.504,5460.658,1,7.284,14.5,22.5,2.5,20,0.135,72.208,399.923,5.538,13.833,15.407,15.978,16.563,16.896,17.213,17.574,17.993,18.544,19.572,15.246,1.264,-0.087,0.134,0.083
PL0157,LPS,1650,17,36.54,224,5107,10190,0.501,0.499,0.218,0.718,89.09,54.417,0.282,97.54,8.928,9.395,6.893,9.217,9.943,10.718,11.116,11.532,12.507,13.339,14.615,16.183,4.223,-0.307,-0.529,0.43,0.611,8.928,1.664,-0.074,0.091,0.186,484.5,342,4012,2832,6844,0.892,0.063,0.045,0.523,0.369,4.265,2.178,0.27,0.067,0.511,4.602,2.332,15.219,4871.967,2064.498,2807.469,1,7.597,10,18,2.5,15.5,0.114,8.096,2866,354,7.9,9.972,10.71,11.428,11.747,12.074,12.478,13.05,13.678,14.95,9.613,1.621,-0.118,0.113,0.169
PL0158,LPS,1525,18,40.16,298,6579,13802,0.477,0.523,0.202,0.769,95.74,59.643,0.231,97.83,10.372,10.723,8.643,10.584,11.263,12.021,12.387,12.851,13.815,14.431,15.256,16.355,3.744,-0.464,-0.084,0.353,0.68,10.372,1.534,-0.083,0.106,0.148,240,108,5050,2272.5,7322.5,0.954,0.031,0.014,0.658,0.296,4.766,2.441,0.287,0.071,0.512,4.412,2.32,14.511,6085.033,2479.578,3605.455,1,7.326,11.5,18,2.5,15.5,0.131,24.902,309.5,12.429,9.649,11.54,12.16,12.864,13.177,13.538,13.892,14.254,14.701,15.45,11.252,1.396,-0.115,0.102,0.124
PL0159,LPS,1950,18,52.26,378,6243,12941,0.482,0.518,0.196,0.716,90.13,54.389,0.284,94.75,9.641,10.137,7.881,9.925,10.761,11.555,11.983,12.397,13.313,14.095,15.374,17.262,4.102,-0.506,-0.268,0.425,0.627,9.641,1.761,-0.111,0.113,0.183,505.875,319.5,4519.625,2854.5,7374.125,0.899,0.062,0.039,0.551,0.348,4.819,2.452,0.264,0.047,0.509,3.448,4.929,13.618,5249.59,2189.114,3060.476,2,7.889,10.5,19,2.5,16.5,0.106,6.479,1746,269.5,8.82,10.902,11.648,12.345,12.643,12.969,13.304,13.843,14.476,15.812,10.405,1.691,-0.152,0.124,0.162
PL0160,SS,1625,17,39.25,299,3558,7889,0.451,0.549,0.107,0.88,98.96,79.012,0.12,99.64,9.944,10.219,8.33,9.963,10.538,11.188,11.552,11.937,12.989,13.704,15.377,17.728,3.222,-0.096,0.114,0.438,0.647,9.944,1.326,-0.008,0.123,0.133,180,140,4581,3563,8144,0.962,0.021,0.017,0.541,0.421,3.324,1.629,0.32,0.184,0.49,3.82,1.87,11.643,5787.394,3524.337,2263.058,1,6.367,10.5,19.5,2.5,17,0.154,59.4,3267,55,9.567,10.886,11.438,12.032,12.373,12.742,13.135,13.588,14.304,15.855,10.898,1.208,-0.014,0.13,0.111
PL0161,LPS,1525,20,46.46,334,6569,13648,0.481,0.519,0.18,0.78,95.59,61.774,0.22,97.46,10.554,10.964,8.699,10.712,11.465,12.257,12.62,13.065,14.144,14.955,17.177,21.426,3.921,-0.259,0.235,0.5,0.614,10.554,1.663,-0.055,0.132,0.158,490,717.125,4800,4320,9120,0.883,0.047,0.069,0.465,0.418,4.636,2.388,0.305,0.107,0.515,2.417,5.139,16.223,5605.412,2279.005,3326.407,1,7.641,11.5,23,2.5,20.5,0.124,20.038,595.429,29.714,9.669,11.726,12.368,13.017,13.284,13.637,14.124,14.622,15.372,17.843,11.361,1.59,-0.096,0.147,0.14
PL0162,SS,1450,18,39.95,273,6205,13546,0.458,0.542,0.08,0.913,99.94,84.021,0.087,98.19,8.773,9.215,6.7,8.739,9.506,10.353,10.755,11.262,12.524,13.406,15.064,17.376,4.055,0.072,-0.515,0.497,0.582,8.773,1.608,0.011,0.09,0.183,88,82.5,4144,3885,8029,0.979,0.011,0.01,0.505,0.474,3.328,1.46,0.259,0.17,0.439,3.963,4.139,14.617,5491.155,3225.709,2265.446,1,7.814,9.5,19,2.5,16.5,0.121,18.353,1183.75,64.5,8.014,9.835,10.546,11.24,11.749,12.194,12.666,13.196,14.027,15.53,9.78,1.518,-0.018,0.103,0.155
PL0163,LPS,2475,17,56.96,376,2402,5137,0.468,0.532,0.164,0.785,96.75,62.486,0.215,99.09,7.936,8.383,6.158,8.21,8.869,9.478,9.834,10.295,11.259,12.062,13.512,15.452,3.676,-0.251,-0.506,0.469,0.587,7.936,1.534,-0.066,0.1,0.193,658.125,526.5,3309.375,2647.5,5956.875,0.834,0.092,0.074,0.463,0.371,3.464,1.761,0.257,0.081,0.508,2.738,4.801,14.465,3856.214,2374.505,1481.709,1,6.885,9,17,2.5,14.5,0.115,5.112,866.5,169.5,7.197,9.066,9.533,10.186,10.563,10.873,11.283,11.757,12.421,13.861,8.743,1.426,-0.097,0.13,0.163
PL0164,SS,1925,16,42.07,323,7018,14772,0.475,0.525,0.045,0.95,99.94,90.444,0.05,99.48,11.749,12.307,9.15,11.354,12.244,13.4,14.076,15.015,17.086,18.327,20.502,24.981,4.926,0.321,-0.212,0.545,0.573,11.749,2.066,0.078,0.112,0.176,525.25,573,5293.75,5775,11068.75,0.91,0.043,0.047,0.435,0.475,3.163,1.545,0.329,0.224,0.489,4.445,7.787,23.26,6180.441,4422.43,1758.012,2,8.714,11,26.5,2.5,24,0.112,45.933,4823,105,10.39,12.258,13.157,14.217,15.122,15.978,16.984,17.818,18.86,20.904,12.791,1.934,0.094,0.114,0.151
PL0165,LPS,1575,19,48.02,316,2660,5406,0.492,0.508,0.166,0.792,95.9,62.928,0.208,97.4,9.209,9.676,7.32,9.368,10.171,10.997,11.377,11.864,12.929,13.663,15.161,16.915,4.057,-0.282,-0.377,0.446,0.607,9.209,1.684,-0.061,0.105,0.183,607.5,405,4153.5,2769,6922.5,0.872,0.077,0.051,0.523,0.349,3.635,1.965,0.305,0.099,0.541,2.597,6.241,14.457,4717.373,2899.848,1817.525,1,7.968,10,18.5,2.5,16,0.109,7.8,319.8,41,8.163,10.312,11.027,11.752,12.139,12.485,12.932,13.438,14.264,15.621,10.028,1.594,-0.086,0.111,0.159
PL0166,LPS,1925,18,50.68,317,13235,26956,0.491,0.509,0.135,0.792,93.16,65.688,0.208,96.56,8.567,8.969,6.961,8.736,9.37,10.16,10.54,10.947,11.936,12.572,13.578,15.743,3.579,-0.359,-0.366,0.445,0.631,8.567,1.504,-0.076,0.109,0.176,296,222,3936,2952,6888,0.93,0.04,0.03,0.531,0.399,3.987,1.878,0.266,0.118,0.471,2.956,4.466,12.604,4932.597,1675.372,3257.225,1,6.801,9.5,17.5,2.5,15,0.13,9.429,1867,198,7.893,9.58,10.303,10.946,11.224,11.572,11.988,12.384,12.946,13.871,9.374,1.405,-0.109,0.115,0.15
PL0167,SS,1750,18,47.77,395,3434,6728,0.51,0.49,0.065,0.893,96.24,82.028,0.107,97.22,10.118,10.867,6.771,10.98,11.967,12.826,13.239,13.699,14.809,15.587,16.996,18.793,6.468,-0.35,-0.961,0.416,0.595,10.118,2.261,-0.101,0.035,0.223,362.25,224.25,5192.25,3214.25,8406.5,0.934,0.04,0.025,0.577,0.357,2.596,1.194,0.265,0.198,0.46,2.159,6.121,15.909,5501.698,4112.06,1389.639,3,9.058,13,20.5,2.5,18,0.086,4.646,197,42.4,7.19,11.694,12.674,13.53,13.907,14.398,14.795,15.299,16.009,17.44,10.624,2.34,-0.131,0.031,0.22
PL0168,LPS,1875,17,44.93,262,10903,22746,0.479,0.521,0.184,0.753,91.79,60.12,0.247,96.38,8.694,9.123,6.897,8.863,9.595,10.27,10.669,11.094,12.133,12.949,14.26,17.201,3.772,-0.253,-0.336,0.485,0.61,8.694,1.566,-0.057,0.109,0.18,294,275.625,3938,3691.875,7629.875,0.93,0.036,0.034,0.48,0.45,4.25,2.04,0.271,0.102,0.48,2.639,2.357,12.745,5003.999,1272.837,3731.163,1,7.252,10,19,2.5,16.5,0.12,8.164,2343,287,7.724,9.699,10.334,11.021,11.417,11.744,12.149,12.642,13.363,14.616,9.429,1.517,-0.096,0.125,0.161
PL0169,SS,1500,16,31.14,189,4729,9392,0.504,0.496,0.138,0.839,96.91,70.684,0.161,98.61,7.037,7.263,5.85,7.049,7.48,7.991,8.29,8.555,9.38,10.049,11.097,12.392,2.44,-0.019,-0.214,0.431,0.634,7.037,1.017,-0.003,0.12,0.145,139.5,104.625,3034.5,2275.875,5310.375,0.956,0.025,0.019,0.546,0.41,2.803,1.396,0.303,0.146,0.498,2.182,3.264,9.348,4059.52,2246.565,1812.954,1,5.018,7.5,14,2.5,11.5,0.19,21.645,1565.667,72.333,6.504,7.65,8.085,8.514,8.758,9.04,9.426,9.821,10.399,11.393,7.63,0.956,-0.015,0.126,0.125
PL0170,SS,500,36,52.67,581,4987,10729,0.465,0.535,0.081,0.907,98.12,84.291,0.093,99.64,17.448,17.684,15.524,17.574,18.345,19.087,19.531,19.924,21.06,21.953,23.442,26.115,4.007,-0.251,-0.09,0.327,0.744,17.448,1.629,-0.043,0.115,0.093,2914.25,365.375,6195,3613.75,9808.75,0.749,0.223,0.028,0.473,0.276,4.137,2.204,0.43,0.297,0.533,7.061,3.983,22.45,9825.358,6746.607,3078.751,1,7.674,18,28,6,22,0.13,0,3805,0,16.678,18.646,19.312,19.968,20.314,20.772,21.17,21.704,22.512,23.985,18.436,1.515,-0.07,0.125,0.082
PL0171,SS,500,38,59.1,708,4555,9760,0.467,0.533,0.095,0.888,90.27,87.57,0.112,94.02,17.38,17.886,14.577,17.557,18.692,19.806,20.47,21.072,22.721,24,25.753,27.628,5.893,-0.366,0.187,0.365,0.675,17.38,2.379,-0.05,0.112,0.137,918.75,446.25,8338.75,4050.25,12389,0.9,0.067,0.032,0.606,0.294,4.372,2.248,0.364,0.245,0.514,5.764,8.559,25.187,9139.71,6557.611,2582.099,2,11.217,17.5,29.5,2.5,27,0.088,57.9,2316,40,15.94,18.873,19.882,20.983,21.52,22.196,22.863,23.736,24.825,26.368,18.533,2.337,-0.086,0.128,0.126
PL0172,LPN,775,13,10.84,54,3536,5738,0.616,0.384,0.478,0.371,41.4,30.109,0.629,55.56,4.74,5.138,3.04,4.46,4.978,5.678,6.068,6.491,7.626,8.506,9.744,11.237,3.028,0.657,-0.321,0.603,0.486,4.74,1.114,0.155,0.058,0.235,1092.875,1873.5,758.625,1300.5,2059.125,0.41,0.217,0.373,0.151,0.259,2.282,1.266,0.27,0.059,0.555,0.758,0.456,6.246,1198.546,427.41,771.137,1,4.663,4,13,2.5,10.5,0.088,1.776,643,362,3.104,4.661,5.233,6.029,6.392,6.899,7.343,8.007,8.812,10.081,4.952,1.182,0.139,0.046,0.239
PL0173,SS,400,39,48.71,506,4567,9788,0.467,0.533,0.136,0.849,94.59,76.422,0.151,98.09,16.99,17.261,15.127,17.224,17.964,18.766,19.2,19.661,20.741,21.533,22.708,24.514,4.073,-0.507,0.188,0.297,0.748,16.99,1.709,-0.085,0.123,0.101,2590.25,198.25,6231.25,3240.25,9471.5,0.772,0.211,0.016,0.508,0.264,4.884,2.751,0.432,0.239,0.563,4.436,6.965,21.131,9234.257,5719.276,3514.981,1,7.879,18,26.5,4,22.5,0.127,0,3164,0,16.203,18.26,18.941,19.702,20.072,20.455,20.866,21.377,22.04,23.074,17.904,1.637,-0.126,0.133,0.091
PL0174,SS,1250,18,31.02,219,9681,20489,0.472,0.528,0.14,0.828,90.99,75.537,0.172,97.16,8.96,9.413,6.957,8.947,9.672,10.512,10.943,11.48,12.765,13.808,15.604,17.181,3.986,0.055,-0.368,0.479,0.574,8.96,1.64,0.009,0.107,0.183,382.5,315,4114,3388,7502,0.915,0.047,0.038,0.502,0.413,3.685,1.684,0.252,0.129,0.457,3.107,4.344,12.11,4947.485,2547.855,2399.631,1,7.737,9.5,19,2.5,16.5,0.119,13.403,3277,244.5,8.102,9.957,10.62,11.371,11.796,12.238,12.862,13.503,14.492,15.937,9.911,1.56,-0.009,0.118,0.157
PL0175,SS,2575,14,43.13,334,5007,8912,0.562,0.438,0.082,0.901,97.62,80.461,0.099,98.44,9.35,9.525,8.355,9.496,9.937,10.356,10.574,10.808,11.435,11.98,12.973,14.643,2.219,-0.747,1.247,0.351,0.721,9.35,0.995,-0.105,0.16,0.106,146.625,77.625,4349.875,2302.875,6652.75,0.968,0.021,0.011,0.633,0.335,2.523,1.255,0.367,0.257,0.497,2.481,3.912,12.941,5274.998,3786.986,1488.012,1,4.676,10,16.5,2.5,14,0.211,81.667,2572.5,31.5,9.019,10.064,10.4,10.77,10.965,11.183,11.434,11.809,12.258,13.123,9.89,0.898,-0.114,0.177,0.091
PL0176,SS,1225,18,34.17,300,3825,7699,0.497,0.503,0.16,0.814,83.24,79.659,0.186,83.16,10.727,11.01,9.35,10.95,11.53,12.14,12.474,12.827,13.64,14.312,15.434,17.083,3.124,-0.634,0.521,0.359,0.695,10.727,1.376,-0.108,0.145,0.128,1090,599.5,4200,2310,6510,0.794,0.133,0.073,0.512,0.282,3.361,1.792,0.349,0.192,0.533,4.83,3.808,16.61,5041.241,3318.353,1722.888,1,6.138,12,19,2.5,16.5,0.16,58.846,1530,26,10.376,11.889,12.414,12.924,13.171,13.455,13.783,14.217,14.829,15.727,11.566,1.285,-0.147,0.162,0.111
PL0178,SS/CP,325,28,16.11,154,1830,3101,0.59,0.41,0.394,0.532,53.83,52.4,0.468,56.6,13.963,14.936,10.819,14.441,15.739,17.196,17.807,18.474,20.347,21.837,24.76,26.862,6.988,-0.326,-0.429,0.462,0.564,13.963,3,-0.08,0.108,0.215,4698.75,3132.5,3236.25,2157.5,5393.75,0.408,0.355,0.237,0.245,0.163,4.888,3.155,0.384,0.065,0.646,0.942,1.344,17.399,3242.385,1906.294,1336.091,4,12.849,14.5,28.5,2.5,26,0.065,6.279,191.5,30.5,11.927,15.106,16.767,17.769,18.263,18.996,19.78,20.719,22.158,25.154,14.733,2.911,-0.101,0.131,0.198
PL0179,SS,1375,19,41.65,344,3498,7583,0.461,0.539,0.116,0.862,96.77,77.209,0.138,99.09,10.61,11.014,8.9,10.868,11.537,12.295,12.698,13.109,14.173,14.969,16.505,18.395,3.798,-0.476,0.117,0.409,0.643,10.61,1.653,-0.089,0.136,0.156,210,136.5,5080,3302,8382,0.96,0.024,0.016,0.582,0.378,3.595,1.836,0.334,0.181,0.511,3.582,5.317,15.785,6062.477,3764.874,2297.603,1,7.363,11.5,20,2.5,17.5,0.128,17.353,885,51,9.977,11.783,12.511,13.209,13.564,13.924,14.307,14.821,15.48,17.099,11.547,1.56,-0.116,0.149,0.135
PL0180,SS/JL,1450,17,33.88,227,2979,6005,0.496,0.504,0.013,0.979,100,95.737,0.021,98.09,7.82,8.213,6.018,8.022,8.723,9.328,9.726,10.163,10.948,11.628,12.743,14.301,3.708,-0.184,-0.754,0.439,0.614,7.82,1.435,-0.051,0.069,0.184,175,137.5,3528,2772,6300,0.953,0.026,0.021,0.534,0.419,2.155,1.021,0.231,0.135,0.474,1.861,4.385,11.85,4333.472,3283.637,1049.835,1,6.96,9,16,2.5,13.5,0.126,8.553,504.6,59,7.213,8.987,9.645,10.312,10.593,10.848,11.121,11.56,12.017,13.199,8.681,1.388,-0.122,0.095,0.16
PL0181,SS,1425,20,47.13,378,7186,15085,0.476,0.524,0.078,0.877,93.28,82.681,0.123,94.44,9.473,9.788,7.716,9.491,10.156,10.883,11.301,11.711,12.756,13.512,14.624,16.328,3.585,-0.075,-0.451,0.419,0.648,9.473,1.405,-0.01,0.091,0.148,463.5,283.25,4297.5,2626.25,6923.75,0.902,0.06,0.037,0.56,0.342,3.412,1.603,0.303,0.195,0.47,1.727,3.581,14.234,5132.42,3026.528,2105.892,1,7.053,10,18,2.5,15.5,0.139,56.818,2812.5,49.5,8.695,10.333,10.949,11.62,11.986,12.352,12.825,13.313,13.942,15.075,10.26,1.337,-0.039,0.102,0.13
PL0182,LPS,1025,22,40.24,235,5383,10711,0.503,0.497,0.197,0.738,88.39,58.99,0.262,95.14,7.636,8.245,5.157,7.471,8.364,9.475,9.932,10.517,11.823,12.992,14.856,16.742,4.775,0.249,-0.668,0.554,0.514,7.636,1.781,0.051,0.064,0.233,381.5,436,3321.5,3796,7117.5,0.897,0.048,0.055,0.419,0.478,3.796,1.706,0.197,0.091,0.449,1.011,3.042,11.149,4177.838,2034.276,2143.562,1,8.93,8,18.5,2.5,16,0.078,3.375,436,129.167,5.79,8.095,9.124,10.078,10.595,11.035,11.708,12.368,13.579,15.317,8.202,1.819,0.027,0.065,0.222
PL0183,SS,1225,23,49.88,411,3367,6591,0.511,0.489,0.069,0.922,99.73,84.367,0.078,97.92,11.659,12.075,9.563,12.003,12.812,13.611,14.025,14.476,15.489,16.252,17.445,19.466,4.462,-0.447,-0.201,0.383,0.668,11.659,1.777,-0.09,0.098,0.152,293.25,153,5790.25,3021,8811.25,0.951,0.032,0.017,0.625,0.326,2.892,1.534,0.388,0.267,0.53,2.177,4.289,12.65,6449.411,4811.376,1638.035,1,8.335,13,21,2.5,18.5,0.116,30.761,546,17.75,10.435,12.891,13.684,14.395,14.726,15.132,15.531,15.997,16.732,17.787,12.461,1.693,-0.11,0.091,0.136
PL0184,SS,1800,14,31.42,209,3348,7270,0.461,0.539,0.174,0.802,98.95,64.1,0.198,96.88,8.249,8.479,7.103,8.431,8.859,9.38,9.615,9.917,10.571,11.143,12.168,13.379,2.512,-0.524,0.278,0.37,0.678,8.249,1.094,-0.092,0.137,0.133,478.125,255,3489.375,1861,5350.375,0.88,0.079,0.042,0.574,0.306,3.345,1.802,0.315,0.087,0.539,1.75,4.373,11.055,4326.004,2159.814,2166.19,1,5.17,9,15,2.5,12.5,0.185,25.923,561.667,21.667,8.109,9.192,9.58,9.962,10.154,10.41,10.643,11.009,11.535,12.348,9.061,0.909,-0.089,0.154,0.1
PL0185,LPS,1650,20,54.7,291,5297,10682,0.496,0.504,0.186,0.77,94.7,59.591,0.23,100,8.385,8.781,6.661,8.527,9.219,9.956,10.309,10.75,11.698,12.375,13.536,15.845,3.648,-0.276,-0.397,0.462,0.619,8.385,1.482,-0.058,0.102,0.177,216,162,4016,3012,7028,0.949,0.029,0.022,0.542,0.407,4.04,1.913,0.236,0.075,0.473,3.871,2.079,12.518,4808.587,2310.955,2497.632,1,7.08,9,17.5,2.5,15,0.123,8.248,3456,419,7.364,9.254,9.971,10.646,10.988,11.263,11.698,12.14,12.727,13.752,9.05,1.422,-0.08,0.098,0.157